hour,value
0,9.497203913269727e-05
1,9.525093312997132e-05
2,9.443492215669318e-05
3,9.376411355597184e-05
4,9.488469803840287e-05
5,9.942755526258904e-05
6,0.00010617986099385026
7,0.00011067160083211514
8,0.00011389625775790638
9,0.000116775218808217
10,0.00011857794690260072
11,0.00012067613216958498
12,0.00012270345164929714
13,0.00012285379431764494
14,0.00012535659115802167
15,0.00013294263529291708
16,0.00013207506759219703
17,0.0001273873594686705
18,0.00012596969225001276
19,0.00012221556289067576
20,0.00011502371793513472
21,0.00010958847021431487
22,0.00010428454167400103
23,0.0001019862363443855
24,9.870611255161907e-05
25,9.839813414568158e-05
26,0.00010129086855266288
27,0.0001063995756883001
28,0.00010765642194334383
29,0.00011689474166889504
30,0.00013000464870931443
31,0.00015797877544896732
32,0.00017855081034839814
33,0.00018465236341935325
34,0.000192066031908643
35,0.00019079383066745445
36,0.00019195487850393232
37,0.0001895729884500235
38,0.0001866708741015775
39,0.00019003820718618212
40,0.00017397487070771114
41,0.00016463297621867955
42,0.0001524835136764341
43,0.00014237013547723672
44,0.00013135325144093455
45,0.00012236377475264868
46,0.00011083283917017368
47,0.00010761152123993897
48,0.00010883225362198977
49,0.00010575009711840369
50,0.00010520098611888734
51,0.00010528441707364842
52,0.00010536631033308744
53,0.00011345489526631607
54,0.00013650523371635043
55,0.00016287984978197108
56,0.00017719950566642636
57,0.00018197200670342785
58,0.0001890027670904425
59,0.00019817744819673546
60,0.00019085847977221007
61,0.00019285458403688394
62,0.00019494995751813635
63,0.00019461003898365157
64,0.00018081794439712742
65,0.0001721104370967598
66,0.00015876622922340677
67,0.000155458558717299
68,0.00014189210993575274
69,0.00012600455399967202
70,0.00011495278624663456
71,0.00011099049687483942
72,0.00010921586467069777
73,0.00011020866667186357
74,0.00010799447327636609
75,0.00010626386309258813
76,0.00010713859206009388
77,0.00011709409288386526
78,0.00014232530067505994
79,0.0001700272773097799
80,0.00018064776545912472
81,0.0001925611698023542
82,0.000200852752485174
83,0.00020328143241102626
84,0.00020238752618614652
85,0.0001919349323988973
86,0.00019876120127515075
87,0.0001969922146095488
88,0.00018834410628276567
89,0.0001749688808980586
90,0.00016310769229455193
91,0.00014897444901728534
92,0.0001359104092316161
93,0.00012704256424330711
94,0.00011739910573453872
95,0.00011419863455945627
96,0.00011075305475003353
97,0.00011133878486529154
98,0.00011205517514877466
99,0.00010900315747350144
100,0.0001122517365450891
101,0.00012156173483972546
102,0.00014025325622855114
103,0.00016908919529500427
104,0.00017730514533505356
105,0.00017913287196195919
106,0.00019627870201302554
107,0.00019664326760681576
108,0.00019521589094055285
109,0.00018983290289360786
110,0.00019083699597185295
111,0.00018537646414652282
112,0.00017788083649656597
113,0.00017056751361058025
114,0.00015452627601059523
115,0.00014252252108365527
116,0.00013483865755919926
117,0.00012750114892250475
118,0.00011864553959554435
119,0.00011460230154857947
120,0.0001120316044761947
121,0.00010972345789651786
122,0.00010908395237913896
123,0.00010823958191070635
124,0.00010977171956255527
125,0.00011463845935572447
126,0.00012364243431418998
127,0.00012626163469044852
128,0.00013166610653775064
129,0.00013204277599043325
130,0.0001407017360527751
131,0.00015009837249527287
132,0.0001519939114858824
133,0.00015338989720049877
134,0.00015227557333473622
135,0.00015434390534539602
136,0.00015314896231060417
137,0.00014764058619368118
138,0.0001415263361527809
139,0.00014178934795408543
140,0.0001332717460259952
141,0.0001273592416113524
142,0.00011765671363513994
143,0.00011206235838263639
144,0.00010939733468577976
145,0.00010997708975635765
146,0.00011112041016247952
147,0.00010973463913821702
148,0.00010899643554823632
149,0.00011250978378721092
150,0.00011654199436200886
151,0.00011843401862045363
152,0.000122316062263512
153,0.00012592784497017604
154,0.00013467574972336242
155,0.00014501266488823884
156,0.000144932353258274
157,0.00014489257088358404
158,0.00014625575975368794
159,0.00014453141018657849
160,0.0001445717637052452
161,0.0001408876434172151
162,0.0001348122091996594
163,0.00013231611231747178
164,0.0001292153497004885
165,0.00011981080511061996
166,0.00011121029943759337
167,0.0001082087840701126
168,0.00010619532581537522
169,0.00010733267117681697
170,0.00010732537810757508
171,0.00010725139299550679
172,0.00010774703613196668
173,0.00011541400697495579
174,0.00013713716059249905
175,0.00016683229790370488
176,0.0001849069837976144
177,0.00019164305585968962
178,0.00020157557912193385
179,0.00020340473360878138
180,0.0001931989179536507
181,0.00019672217334391472
182,0.00019307058629548473
183,0.00019445747764062476
184,0.00018206431235690497
185,0.00016835966870005538
186,0.00015630134755625745
187,0.00013973527257576897
188,0.0001291443960449123
189,0.00012212437755807615
190,0.00011389768561784831
191,0.00011095842494383594
192,0.00011086225308497756
193,0.00011083191655298045
194,0.00010829836580616204
195,0.00010746713164919525
196,0.00010854116789751917
197,0.00011560944805039271
198,0.00013627846759049504
199,0.0001668165035760395
200,0.00018085612317526718
201,0.00018894057829820223
202,0.00019303185834044424
203,0.000193461754018347
204,0.00019560492785704022
205,0.00018835882422370563
206,0.0001886665170576547
207,0.00019163690507840127
208,0.00018128366837603474
209,0.00017048043612119822
210,0.00015614843474001417
211,0.00014821271868887674
212,0.00013851205791412684
213,0.00012618984628598318
214,0.00011833940642399337
215,0.0001144255105206918
216,0.00011134882381903716
217,0.00010659993738876771
218,0.0001043890610217507
219,0.00010435971300817492
220,0.00010782394286514692
221,0.00011680483042670516
222,0.00014254033638231545
223,0.00017220979418164248
224,0.0001816236308446716
225,0.0001869174984641638
226,0.0001926876122919816
227,0.00019370229350087307
228,0.00019562219397879964
229,0.00018715588517323893
230,0.0001903800368562815
231,0.00019607682458431188
232,0.00018174811826453236
233,0.00016860901698006935
234,0.00015780888208295302
235,0.00014353283084441682
236,0.00013425130188031507
237,0.0001214294930420262
238,0.00011182693722882525
239,0.00010668103983346963
240,0.00010740555793508377
241,0.00010568694177481807
242,0.00010307712134002428
243,0.00010172476223840306
244,0.00010232450734816805
245,0.0001138122556591685
246,0.00013067635796015298
247,0.00016336907853223024
248,0.00017765936443603375
249,0.00018260044081448774
250,0.00019259829416084452
251,0.00019023452694466025
252,0.00018433544441347164
253,0.00017896097959202618
254,0.00018266675941702162
255,0.0001847275786876792
256,0.00017461470573123047
257,0.00016740030058860685
258,0.000158245587554425
259,0.0001425213568286257
260,0.00012734432596672818
261,0.0001172949158929295
262,0.00010751925952061391
263,0.00010511533648944723
264,0.00010498081011584087
265,0.000106829581201583
266,9.971727902834578e-05
267,0.00010118384495824581
268,0.00010407110956329569
269,0.00011569182458550438
270,0.0001347241871260081
271,0.00016510221492975163
272,0.00018196190184845414
273,0.00018609573211696585
274,0.00019517272563615435
275,0.0001899858596440032
276,0.00018974499065533664
277,0.00018780116803161366
278,0.0001854615206649101
279,0.00018927616931870914
280,0.0001785827065427934
281,0.00015851332227707595
282,0.00014735551944804274
283,0.0001373914953987718
284,0.00012565962697185244
285,0.00011808625783982623
286,0.00010988959489253106
287,0.00010688834312996266
288,0.00010584345719153025
289,0.0001037603193716264
290,0.00010425334842603873
291,0.00010396823774624826
292,0.00010310963261254834
293,0.0001074957986834141
294,0.00011347743348632264
295,0.00011686739265923796
296,0.00012189611767105075
297,0.0001318853818906799
298,0.00014221961707228069
299,0.00014547320463720315
300,0.00014718197954740751
301,0.00014717653171255214
302,0.0001431968663836174
303,0.0001417003812961648
304,0.0001387846253935043
305,0.0001340605617591485
306,0.00012895760999743109
307,0.00012635921244217278
308,0.00012144744014314255
309,0.00011729476212339727
310,0.00010820037067999321
311,0.00010361845599462609
312,0.00010068301759184291
313,9.807627254769328e-05
314,0.00010027954830640396
315,9.80793918724895e-05
316,9.715567632543735e-05
317,0.00010180898400790123
318,0.00010509932249102151
319,0.00011023353340192929
320,0.0001106173641213976
321,0.00011310342204983963
322,0.0001200502242722685
323,0.00013070810038501602
324,0.00013414770514975864
325,0.00013210235070062603
326,0.00013190932600355237
327,0.00013590210567687684
328,0.00013818206849800752
329,0.00013222868335487325
330,0.00012332066058450583
331,0.000121438916917643
332,0.00011661435391045096
333,0.00011168610630439836
334,0.00010585984463024845
335,0.00010039408464082323
336,9.841280815246947e-05
337,0.00010162079206755412
338,0.00010327251848130915
339,0.00010884464305287056
340,0.00011213265302593167
341,0.00011845317391075159
342,0.00013491470757641437
343,0.00016376463967029845
344,0.00017920498987256494
345,0.00017617283043402265
346,0.00019063841360454376
347,0.00018986967577888167
348,0.00018022874348385672
349,0.00018856715997277203
350,0.0001817351796567508
351,0.00017986879097603277
352,0.00018327329235327981
353,0.00016934513369782722
354,0.00015301366708933678
355,0.00013959101478748143
356,0.00013038191127304986
357,0.00011880385631249098
358,0.0001114286741404054
359,0.00011247410925573856
360,0.00010846588672796512
361,0.00010687828220914101
362,0.00010808710843598367
363,0.000107526706359388
364,0.00011283810370555198
365,0.00012555980857837314
366,0.00014225355620474668
367,0.000173327786549102
368,0.00018542208976343665
369,0.00018421071535577456
370,0.00019368065593098374
371,0.0001943276741883648
372,0.00018985590242221102
373,0.00019436216249773156
374,0.00019558074210633143
375,0.0001987485262722816
376,0.0001863601058769842
377,0.00017638698745823695
378,0.00016226584803986276
379,0.00014966390766555594
380,0.000145268757060594
381,0.00013268124905523875
382,0.00011947126001642768
383,0.00011453013970382166
384,0.00011629785227901391
385,0.00010698802972098578
386,0.00010429651373043724
387,0.00010335118258057179
388,0.00010447075657750545
389,0.00011798154078839228
390,0.00013315123464689585
391,0.00015619845377213396
392,0.00016795215747262695
393,0.00017489588430441165
394,0.0001836549043980691
395,0.0001844266736802233
396,0.000182345403061782
397,0.00018145597812041232
398,0.00017958398783530672
399,0.00018318432569535922
400,0.00017527975895803203
401,0.00016852382865922586
402,0.00015173705046586623
403,0.0001427400830046542
404,0.0001313487042561964
405,0.00011943376221764486
406,0.00011267407554883761
407,0.00011196456096015184
408,0.00011003110679631489
409,0.00010827382858223677
410,0.00010737256338688706
411,0.00010960331995771099
412,0.00010937380794735187
413,0.00011817775071149024
414,0.00013984058273825572
415,0.00017120963321000667
416,0.00018100519175320525
417,0.0001893946816938898
418,0.00019757032214942445
419,0.000194760096080011
420,0.00019050368952725313
421,0.0001858827393477811
422,0.0001829722994775198
423,0.00018752139535129842
424,0.00018089810225756006
425,0.0001698713989382726
426,0.0001583941508896144
427,0.00015007546083497383
428,0.00013927974132013946
429,0.0001272177516746446
430,0.00011734188150148116
431,0.00011237209415465627
432,0.00010899476605045806
433,0.00010520639001959065
434,0.00010544616065445567
435,0.00010576619898513351
436,0.00010594309984840131
437,0.00011945296144209488
438,0.0001347045046258854
439,0.00016148265587817307
440,0.00016571492061437422
441,0.00017276536350151157
442,0.00018538667883687666
443,0.00018695435921774176
444,0.00018279895728056883
445,0.00018023790375456115
446,0.0001843033285483161
447,0.00018134458307786532
448,0.00016724936480920626
449,0.0001615225041540911
450,0.00015050318177234963
451,0.00013844903437299738
452,0.00012760619548007914
453,0.0001204941569117543
454,0.00011039411272770698
455,0.00010677951823531114
456,0.00010398651435350502
457,0.00010098027606467786
458,9.961855898866796e-05
459,9.895499952303646e-05
460,9.881043419568448e-05
461,0.00010719449826858968
462,0.00011525272470274517
463,0.00012127884283461399
464,0.0001250870551351363
465,0.00013224865142698433
466,0.00014629881522270632
467,0.0001494446323126267
468,0.00015168173736842324
469,0.00015448359398186935
470,0.00014787943421135297
471,0.000145418506617889
472,0.00014324143758088183
473,0.00013845850218276623
474,0.00013435689761479022
475,0.00012927437523378049
476,0.00012402283816979765
477,0.00011895129932680284
478,0.00011032742068488056
479,0.00010604100710626604
480,0.00010220452317889341
481,9.904853533277124e-05
482,9.761340428866982e-05
483,9.52591707834825e-05
484,9.029149227595646e-05
485,9.399894159873017e-05
486,9.940708194772927e-05
487,0.00010145502851183342
488,0.00010274730766051319
489,0.00010714746675880992
490,0.00011346851485345454
491,0.00012615087669310635
492,0.00012812685911613695
493,0.00012367832851642265
494,0.00012472962884105577
495,0.00012484844875530084
496,0.000129341858091344
497,0.00012739594859539815
498,0.00012340591480657738
499,0.00011903703682454708
500,0.0001120948916222365
501,0.00010630318415868143
502,9.885083164850324e-05
503,9.452786485537515e-05
504,9.087731025951857e-05
505,9.142945271552705e-05
506,9.044495426910048e-05
507,9.183634886482661e-05
508,9.322939099125498e-05
509,0.00010441579495327894
510,0.0001287364454759633
511,0.00015395726284019587
512,0.0001630025578686734
513,0.000171341918941858
514,0.0001756639411507168
515,0.00017976846733980478
516,0.00017922825300608047
517,0.00017440658965292438
518,0.00017830908464376647
519,0.00017066476185616407
520,0.00016316105032222828
521,0.00014632519768101809
522,0.00013515573033461307
523,0.00012264016450325534
524,0.00011688905219620332
525,0.00010624125897135348
526,9.55394926406985e-05
527,9.284753730862935e-05
528,9.25139013578891e-05
529,9.464358741190003e-05
530,9.023817818243219e-05
531,9.005137016787496e-05
532,9.24691983581685e-05
533,0.00010512592462009358
534,0.00011967750889327126
535,0.00014692063724388123
536,0.00016616390568134686
537,0.0001655181175802234
538,0.00017018517665228197
539,0.00017452297122173016
540,0.0001737111779270497
541,0.00016838468919965329
542,0.0001656727877625491
543,0.00016327842040945537
544,0.00016091952988414972
545,0.0001502867182051522
546,0.00014155550842974844
547,0.0001273709061287242
548,0.00011414018017014102
549,0.00010838539936139202
550,0.00010009146620143702
551,9.591354801133355e-05
552,9.838005524210907e-05
553,9.342085602593053e-05
554,9.226387209851815e-05
555,9.49559812001195e-05
556,9.966385509944135e-05
557,0.00010462927099813633
558,0.00012519902132166006
559,0.00014968139345807564
560,0.00016210961819513898
561,0.0001685470039244373
562,0.00017720348170718777
563,0.00017597468740823406
564,0.00016647933092605842
565,0.0001683386022741428
566,0.00016948877640798595
567,0.0001688469643476239
568,0.00016045839702413263
569,0.0001492430184888254
570,0.00013655872354648293
571,0.00012383341607319289
572,0.00011459546978793422
573,0.00010652918143687579
574,9.733947485057849e-05
575,9.423833879330269e-05
576,9.51874702473213e-05
577,9.33187310894681e-05
578,9.075756772808026e-05
579,9.24186740833e-05
580,9.496661326491792e-05
581,0.00010193268061302491
582,0.00012458855627879253
583,0.00015456849673072445
584,0.00016353651158572922
585,0.00017109815029915556
586,0.0001793920395249585
587,0.00018194672259891757
588,0.00017207869467189676
589,0.0001683892144173154
590,0.00016744860618879634
591,0.00016836867520122757
592,0.00016588314448261025
593,0.0001542471184084088
594,0.0001433511850927266
595,0.00013351929300577477
596,0.0001226080266710238
597,0.00011571618607282142
598,0.00010256904483853154
599,9.868638611734433e-05
600,9.660522533428318e-05
601,9.910138811769888e-05
602,9.555921907497323e-05
603,9.59855121524071e-05
604,9.833045358443384e-05
605,0.000109881445107324
606,0.0001253748457982024
607,0.00015660998497447583
608,0.0001647599019839796
609,0.00017354376684062677
610,0.00017747251248732444
611,0.0001835713196737758
612,0.000177705275624936
613,0.00017543721895901346
614,0.00017754583858711184
615,0.0001747693319794041
616,0.0001643157936078856
617,0.00014743172323479004
618,0.00013387647766201896
619,0.00012343583396412996
620,0.00011230221688580555
621,0.00010596232103992736
622,9.840123150340177e-05
623,9.355514076170056e-05
624,9.041202562213185e-05
625,9.042415144810029e-05
626,9.1061306488344e-05
627,9.051441416350665e-05
628,9.115908194375254e-05
629,9.546794587406951e-05
630,0.00010302088562538805
631,0.00010674621614804999
632,0.00010920905487712855
633,0.00011740760699296226
634,0.000130412269772123
635,0.00013152529758039976
636,0.00013341117105755622
637,0.00013501826037281875
638,0.0001313067251739035
639,0.00013146811728149426
640,0.00012658143138329002
641,0.00012188131186180666
642,0.00011559022685886668
643,0.00011269024331679552
644,0.0001083250338364622
645,0.0001024916328626026
646,9.626207763962201e-05
647,9.046995280162238e-05
648,8.71914985066342e-05
649,8.772059749988744e-05
650,8.658419672271496e-05
651,8.460017434985748e-05
652,8.583771154507104e-05
653,8.914880891503947e-05
654,9.346041872986017e-05
655,9.823298566808971e-05
656,0.00010004146913639323
657,0.00010365175808188724
658,0.0001100035161488215
659,0.00012006472254244815
660,0.00012032472485433662
661,0.0001218232089457079
662,0.00011939630835301407
663,0.00011780734187547612
664,0.00011697237331558426
665,0.00011439556939606322
666,0.00010942068568759943
667,0.00010530915200125795
668,0.00010091255156927804
669,9.414278201257314e-05
670,8.984650521682125e-05
671,8.829259819262682e-05
672,8.647952360543307e-05
673,8.654913726937143e-05
674,8.66827849599366e-05
675,8.766429588402311e-05
676,8.983681773629212e-05
677,9.774338347753803e-05
678,0.00011951244828398352
679,0.00015157234132979496
680,0.0001619777278706562
681,0.00016866503302394529
682,0.00017249277405505806
683,0.0001720024689180734
684,0.00016958310303245782
685,0.0001675451295208712
686,0.00016634963730917862
687,0.00016349462037174045
688,0.00015538228902932358
689,0.00014687602211246477
690,0.00013306991253143362
691,0.00011891206612901364
692,0.00011277352050202443
693,0.00010063899557147921
694,9.150255914455414e-05
695,8.851413615438714e-05
696,8.761842862927293e-05
697,8.720463481810001e-05
698,8.597463232996465e-05
699,8.76785964505185e-05
700,8.999926426353231e-05
701,9.649093063770024e-05
702,0.00011589532757784425
703,0.00014185125117433735
704,0.00016190690601753616
705,0.00016391983706244884
706,0.00017773376692254661
707,0.00017764941335059225
708,0.00017363692921006907
709,0.00016814160153630773
710,0.00016465516296546964
711,0.00016717860885731434
712,0.0001544654052429167
713,0.0001448399377694167
714,0.00012944940889558575
715,0.00011776676868604912
716,0.00010852581291137436
717,9.976481578087421e-05
718,8.99892912110148e-05
719,8.706378192659707e-05
720,8.673609905346087e-05
721,8.56946399788891e-05
722,8.639666379464874e-05
723,8.768834983227571e-05
724,8.750402409730985e-05
725,9.676712268462264e-05
726,0.00011962401906313875
727,0.00015358013207891665
728,0.0001655948046426434
729,0.0001691121728565314
730,0.00017728522119709456
731,0.00017725433548819672
732,0.00017236007094876217
733,0.00016988826965266346
734,0.0001697784342725146
735,0.00017431590956307346
736,0.0001615900089787306
737,0.00015301355725395662
738,0.00014117488490338046
739,0.0001267049961859575
740,0.00011857074170166298
741,0.00010677850774981377
742,9.835907668450064e-05
743,9.756230886982456e-05
744,9.336552096141151e-05
745,9.053712812012144e-05
746,9.101021106949874e-05
747,9.162772754377182e-05
748,9.640257905790848e-05
749,0.0001022033369567878
750,0.00011986157102332479
751,0.0001449852719444297
752,0.00015977684652323273
753,0.00016442615619785919
754,0.00017559738091034658
755,0.0001763081476223661
756,0.00016536276641854086
757,0.00016562652510043038
758,0.00016244112333950434
759,0.0001629359317270751
760,0.00016171306853864943
761,0.00015460377585482826
762,0.0001374291030329348
763,0.00012525997995764272
764,0.00011517570813418475
765,0.00010648992627201057
766,9.605626810429902e-05
767,9.013486702386415e-05
768,9.04304999330729e-05
769,8.973302330205141e-05
770,8.861261455622862e-05
771,9.668964480746561e-05
772,9.007043758986881e-05
773,0.00010020398156486153
774,0.00011585328259432326
775,0.00014048087907037168
776,0.0001610310567291529
777,0.00016284358213944591
778,0.00017009906571424524
779,0.00017607422022972497
780,0.0001708310745887855
781,0.00017092023895039037
782,0.00017824946599942167
783,0.00016842014406036533
784,0.00015464964310957845
785,0.00014467643682252707
786,0.0001331512126798198
787,0.00011865830246671768
788,0.00010618506719086931
789,0.00010249255547979585
790,9.297259587246688e-05
791,8.855391852907706e-05
792,8.753069212761001e-05
793,8.490160656713809e-05
794,8.412256618281806e-05
795,8.288234900432884e-05
796,8.37665897157555e-05
797,8.960102314218848e-05
798,9.333237264368259e-05
799,9.857973596321975e-05
800,0.00010445551142674079
801,0.00011453339083107406
802,0.00012626754383390052
803,0.00012699243537580716
804,0.0001302449685210802
805,0.00013052858543970066
806,0.00012765089847979974
807,0.00012289206096408883
808,0.00012172246793503535
809,0.00012213395520322516
810,0.00011626804295684149
811,0.00011358412757459926
812,0.00010834150914348453
813,0.00010454236924536253
814,9.588365082085702e-05
815,9.139426145972734e-05
816,8.938787660347154e-05
817,8.876789981668312e-05
818,9.07982507528874e-05
819,8.432527836042084e-05
820,8.46169352288682e-05
821,8.729129493303748e-05
822,9.215895734339994e-05
823,9.635925998397775e-05
824,9.488096363547781e-05
825,9.82739981990373e-05
826,0.00010867749557135997
827,0.0001183915782295641
828,0.00011850512604556203
829,0.00011374123610236423
830,0.00011605874065642976
831,0.00011563014103601277
832,0.00011323217108245014
833,0.00011239291894273249
834,0.00011481597529712113
835,0.0001109227723794396
836,0.00010206437323382342
837,9.564188118207329e-05
838,9.20493855681634e-05
839,9.106014223331443e-05
840,8.894260397234794e-05
841,8.957973704551562e-05
842,9.34795520530821e-05
843,9.326183636255097e-05
844,9.392627451122366e-05
845,0.00010018851674333657
846,0.00012091970310860316
847,0.000148406929608056
848,0.00016089026973887806
849,0.00016620737852480978
850,0.00017813976242172895
851,0.00017926605834392773
852,0.00016367870446886999
853,0.00016586238559576213
854,0.00016794908208198276
855,0.0001704381055656888
856,0.0001643782899391903
857,0.0001598572899556538
858,0.0001494126043157753
859,0.00013746585395113262
860,0.00012655702596182092
861,0.00011370762647603868
862,0.00010485546598001495
863,0.00010091835087734992
864,9.752757892262149e-05
865,9.296159036737596e-05
866,9.321845138739216e-05
867,9.573025472894109e-05
868,0.00010017008636654758
869,0.00010879583220993239
870,0.00012802576663224793
871,0.00015782652164500493
872,0.00017577531422618777
873,0.00017155884381765205
874,0.00018192870959657313
875,0.00018357074852979905
876,0.00017633072977652468
877,0.0001807240131800241
878,0.0001792552725095971
879,0.00017970159956037015
880,0.00016854063347238865
881,0.00015600933921459362
882,0.00014718738344811084
883,0.00013507555050710438
884,0.00012320258755084578
885,0.0001130921090056843
886,0.00010410445558470889
887,0.00010081042663281562
888,0.00010024119379165599
889,9.678322455135246e-05
890,9.694114586093053e-05
891,0.00010063185627176955
892,0.00010154083191080573
893,0.00011117508621471763
894,0.0001283569862046249
895,0.0001504620594060219
896,0.00016793041006735746
897,0.00017125325982300183
898,0.00018091141430563414
899,0.0001846972421556821
900,0.00018010107083797167
901,0.00018273567013452703
902,0.0001846520339132128
903,0.00018117374512758173
904,0.00016836373260912084
905,0.000161053990356528
906,0.0001480168163048432
907,0.00014037453645531154
908,0.00012972918157590102
909,0.00011533593598674595
910,0.00010783442116041314
911,0.00010681760914514676
912,0.00010638716429034326
913,0.00010659765281286061
914,0.00010749555704557778
915,0.00010878467293530926
916,0.00011061844050812306
917,0.00011866390407110526
918,0.0001379893952741503
919,0.00016475770527637663
920,0.00017710625542867998
921,0.00018688081344719407
922,0.00019915577389479762
923,0.00019377355469551367
924,0.0001912072949724869
925,0.00018880258112658317
926,0.00018638618079623156
927,0.00018430638197188424
928,0.00017839302084127627
929,0.00017082725231755636
930,0.00015429509450245782
931,0.0001436512773183694
932,0.00013065632398681382
933,0.00012070310773894953
934,0.00011249166094948636
935,0.00011117721702109253
936,0.00010993939425389057
937,0.0001071883255202253
938,0.0001063767079621531
939,0.00010940117892408499
940,0.00011176064059336739
941,0.00012021469177050345
942,0.0001427971754352556
943,0.00016746321429435615
944,0.0001799507062025478
945,0.00018640283183986214
946,0.00019447186607542428
947,0.00019386318036571516
948,0.00018296819163430225
949,0.00018294932191599266
950,0.00018504965995642781
951,0.00018524751741022804
952,0.00017349300092792192
953,0.00016478584510077078
954,0.00015086836244426868
955,0.00013860148588064407
956,0.0001309327796386486
957,0.00012019478959962046
958,0.00011019153235256037
959,0.0001054725870469195
960,0.00010550083670669379
961,0.00010222613878170671
962,0.00010178095401888724
963,0.00010076152792157333
964,0.00010223354168632874
965,0.00010775298920957075
966,0.00011662140534185651
967,0.00012026196491811953
968,0.0001216770619888818
969,0.0001313552724119293
970,0.00014390264656937815
971,0.00014891432513019183
972,0.00014989076165971546
973,0.00014839410083565462
974,0.0001456035792334399
975,0.00014266530707784884
976,0.00013923490651796268
977,0.00013610910143430543
978,0.00013233513580531358
979,0.00012752171010566864
980,0.0001216246705125508
981,0.00011709907941012402
982,0.00010740891889771634
983,0.00010317092075467143
984,9.964814864008007e-05
985,9.930392455869345e-05
986,9.927978274213673e-05
987,9.791657190495678e-05
988,9.671859741367284e-05
989,0.00010048838929821907
990,0.00010537872173104425
991,0.00010699070970426141
992,0.00010829706974867629
993,0.00011315190338663735
994,0.00012678888844931525
995,0.00013430984413793443
996,0.00013508154751886052
997,0.00013397721867269152
998,0.00013498715499316057
999,0.00013487817632897684
1000,0.00013187362950500397
1001,0.00013085104014874175
1002,0.00012642792545599393
1003,0.0001201509872500171
1004,0.00011481628283618554
1005,0.00011148460231597721
1006,0.00010572193532693351
1007,0.00010116998373327101
1008,9.909488586319408e-05
1009,9.822868012118787e-05
1010,9.967029145271808e-05
1011,0.00010673237689015123
1012,0.00010681908093924076
1013,0.00011102298618028745
1014,0.00013781354883053194
1015,0.0001614933538441996
1016,0.00018029477651440224
1017,0.00017998607319495577
1018,0.00019400673520756975
1019,0.0001959591689250964
1020,0.00018699772222582455
1021,0.0001918051948478654
1022,0.00019538859609229895
1023,0.00019171594261795642
1024,0.00017804750070240388
1025,0.00016396203581550207
1026,0.00015126398948356497
1027,0.00014081710713608348
1028,0.0001330456389124207
1029,0.0001197220141893076
1030,0.00010975667211547489
1031,0.00010832525350722249
1032,0.00010796874983033523
1033,0.00010764157219994771
1034,0.0001027066685698581
1035,0.00010377646517250829
1036,0.00010820498376595945
1037,0.00011240581361636198
1038,0.00012895319461514912
1039,0.00016800061684234862
1040,0.0002012489506684471
1041,0.00020210981841097805
1042,0.0002094057433727482
1043,0.00021932609687487191
1044,0.00021967076029777915
1045,0.00021275064807272645
1046,0.0001851091907324685
1047,0.00018092195850212843
1048,0.00017254931730875873
1049,0.00016989134504330765
1050,0.00015016262619265997
1051,0.00013704162577884554
1052,0.00012757032324492253
1053,0.00011802277299010014
1054,0.00010636950276121533
1055,0.00010233650137168031
1056,0.00010140536095293008
1057,0.00010256647469063606
1058,9.839154402287265e-05
1059,9.850214825068258e-05
1060,0.00010354521776314282
1061,0.00010874855906231631
1062,0.00012746822027553614
1063,0.00015357923142879942
1064,0.00016877453889795372
1065,0.00017506830388416939
1066,0.00018240598825747213
1067,0.0001770117750346759
1068,0.0001708112163520546
1069,0.00017559476682829902
1070,0.0001801458177718443
1071,0.00017651463813704598
1072,0.0001662944560141918
1073,0.00015648224642736267
1074,0.00014906910514789765
1075,0.00013806023909434633
1076,0.0001258799347773551
1077,0.00011531111319083233
1078,0.00010686413541217785
1079,9.774705197923499e-05
1080,9.412156181712838e-05
1081,9.218740470685851e-05
1082,9.100015014867709e-05
1083,9.346562492687922e-05
1084,9.415229375649404e-05
1085,0.00010191051583331086
1086,0.00012335130465556735
1087,0.00014756956663687692
1088,0.00016389529983852359
1089,0.00016403968942926733
1090,0.0001822224313701673
1091,0.0001819282482879765
1092,0.00017440013133257162
1093,0.00017859147140612927
1094,0.00017942270556309608
1095,0.00017384271677831602
1096,0.00015824655410577032
1097,0.0001512446145225067
1098,0.00014423986315351128
1099,0.0001307055961383486
1100,0.00011918136051406269
1101,0.00010550632847570124
1102,9.772767701817673e-05
1103,9.456428626743253e-05
1104,9.333439361467732e-05
1105,8.968243312595485e-05
1106,8.945237193869497e-05
1107,8.937421308218101e-05
1108,9.359222118603883e-05
1109,0.00010438991773771587
1110,0.0001202836244550849
1111,0.00014355807101477504
1112,0.00015786237191308552
1113,0.00015642423137956804
1114,0.0001723712302233853
1115,0.00017755357099787433
1116,0.0001642640172096834
1117,0.00016667411298921446
1118,0.000162386271550658
1119,0.00015653422052924913
1120,0.00014904245908467352
1121,0.00014492312708634149
1122,0.00013072051178297282
1123,0.0001196472821966543
1124,0.00010734411602342849
1125,0.00010139171939871559
1126,9.413111749520134e-05
1127,9.077883185767708e-05
1128,8.825863709308478e-05
1129,8.821707538523644e-05
1130,9.102409426154955e-05
1131,9.339877911452061e-05
1132,9.718506827316518e-05
1133,0.00010254619907946058
1134,0.00011099737256963672
1135,0.00011193978209839024
1136,0.00011226342302953696
1137,0.00012273000984421714
1138,0.00013571509995863535
1139,0.00013959714360169373
1140,0.00013558400044888963
1141,0.00013360946785287702
1142,0.00013251267371378622
1143,0.00012880735519738741
1144,0.00012901371390961115
1145,0.00012212883687451022
1146,0.00011788446827941669
1147,0.00011491140027539448
1148,0.00010944783699357223
1149,0.00010407367971119119
1150,9.640040431738152e-05
1151,9.452564618069616e-05
1152,9.264328743570447e-05
1153,9.265453457863172e-05
1154,9.202289327447149e-05
1155,9.246328921471648e-05
1156,9.448248087629764e-05
1157,9.9023273195337e-05
1158,0.00010415921950525114
1159,0.00010681238098105169
1160,0.00010557673295437668
1161,0.00010807750882375866
1162,0.00011776274871113568
1163,0.00012218190933019815
1164,0.00011983481512472049
1165,0.00011819444568927288
1166,0.00011791148778293331
1167,0.00011962713838793498
1168,0.00011683286041571914
1169,0.00011687637719333414
1170,0.00011180373999653783
1171,0.00011009094511142002
1172,0.00010408128031949748
1173,9.8655895815815e-05
1174,9.30521386547707e-05
1175,9.01334391639222e-05
1176,8.787388375642322e-05
1177,8.764289995197011e-05
1178,9.109159908618906e-05
1179,9.491571554975692e-05
1180,9.672766981607316e-05
1181,0.00010488615398522855
1182,0.00012604833438219936
1183,0.00015236012461037485
1184,0.0001700091764391314
1185,0.0001708028908302393
1186,0.00018515538749335912
1187,0.0001842596360340929
1188,0.0001725677476855477
1189,0.00017497193432162674
1190,0.00017666889094492707
1191,0.00017386226747598252
1192,0.000161838171036639
1193,0.00015525408917361382
1194,0.00014255318712179285
1195,0.0001324511878679789
1196,0.00012288922721128098
1197,0.00011056110643968535
1198,0.00010205842015621935
1199,9.98248517996636e-05
1200,9.763486612195093e-05
1201,9.747762579172976e-05
1202,9.663826381663196e-05
1203,9.598935639071232e-05
1204,9.854052473250661e-05
1205,0.00011138091771711665
1206,0.00013288092977634943
1207,0.0001568285354138961
1208,0.00017118401959935594
1209,0.00017208401070429596
1210,0.00018453949658271226
1211,0.00019073054352141265
1212,0.0001820659598876072
1213,0.0001772813989258654
1214,0.00018019157519121433
1215,0.00018333884210815267
1216,0.00017674234884717068
1217,0.00016213193674438522
1218,0.000145861121232813
1219,0.00013441467102474853
1220,0.0001239199663527502
1221,0.00011141004605993215
1222,0.00010237461424859198
1223,9.695432610654839e-05
1224,9.466726791986013e-05
1225,9.283903605020584e-05
1226,9.233607787742804e-05
1227,9.194229607251825e-05
1228,9.474518513853775e-05
1229,0.00010219698847181519
1230,0.00012452153472982568
1231,0.00014888557022766884
1232,0.000162928484888301
1233,0.00017048493937178431
1234,0.00017861431716520025
1235,0.00018362237115846902
1236,0.00016884125290785618
1237,0.00017098499789052618
1238,0.00017220660895561813
1239,0.00017425769681159454
1240,0.00015983092946441805
1241,0.00015509256526356684
1242,0.00013713680911928258
1243,0.00012594192586591114
1244,0.00011840141947962545
1245,0.00010838340035747331
1246,9.974326607928901e-05
1247,9.718612269281462e-05
1248,9.644183422277369e-05
1249,9.320296459879116e-05
1250,9.18041011972149e-05
1251,9.19403410027516e-05
1252,9.668448254459861e-05
1253,0.00010202437118837321
1254,0.00012183546657413253
1255,0.00014869937729124045
1256,0.000166160325047954
1257,0.00016611707187525135
1258,0.00018127035632796069
1259,0.00017897275394477814
1260,0.00017306440130750495
1261,0.00017129934674851228
1262,0.00017307134290353034
1263,0.00017333345405471767
1264,0.0001671906028808266
1265,0.00015782366592512106
1266,0.00014032548397453705
1267,0.00012551710458257124
1268,0.00011143221083964618
1269,0.0001025319863812693
1270,9.304361542927115e-05
1271,8.845717552624191e-05
1272,8.882995680646724e-05
1273,8.749635758777546e-05
1274,8.722908417372115e-05
1275,8.925699676448612e-05
1276,9.416909856965682e-05
1277,0.00010234038954413759
1278,0.00011806798123256943
1279,0.00014459078719308697
1280,0.0001595383280117014
1281,0.00015518058733721818
1282,0.0001718186703929323
1283,0.00016771484715027727
1284,0.0001633593690846251
1285,0.0001648069554608354
1286,0.00016826655026476513
1287,0.0001669861772712935
1288,0.00015667643537946592
1289,0.0001506254724846074
1290,0.0001372185486091894
1291,0.00012372922623158367
1292,0.00011168795153878488
1293,0.00010309234452371291
1294,9.359140840422573e-05
1295,8.990034652017024e-05
1296,8.61939076828939e-05
1297,8.428898875081964e-05
1298,8.318439629973829e-05
1299,8.218307107307292e-05
1300,8.243685670244495e-05
1301,8.789325871748149e-05
1302,9.502352995891108e-05
1303,9.935622816672034e-05
1304,0.00010328561085862289
1305,0.00011184400564690041
1306,0.00012448634347402598
1307,0.00012795156184941932
1308,0.00012565740829717343
1309,0.00012673170815040972
1310,0.0001228739820605163
1311,0.00011752934852831928
1312,0.00011573516562651115
1313,0.00011706272389929473
1314,0.00011094816631933002
1315,0.00010756492907167982
1316,0.00010135020162501932
1317,9.600435990364066e-05
1318,9.193713380965125e-05
1319,8.743304847465764e-05
1320,8.387077955736473e-05
1321,8.17379302444055e-05
1322,8.102107865232576e-05
1323,7.978914306149979e-05
1324,8.295235807563574e-05
1325,8.984630751313698e-05
1326,9.418049948211628e-05
1327,9.117151530878539e-05
1328,9.174639368848467e-05
1329,9.573985434116609e-05
1330,0.0001036736372896129
1331,0.00011301072098899396
1332,0.000115711441184399
1333,0.00011501275636419586
1334,0.00011367766338433405
1335,0.00011064706360818987
1336,0.0001096302515929235
1337,0.00010824180058538536
1338,0.00010700659190023095
1339,0.00010318568262976343
1340,9.865183190674948e-05
1341,9.453500415508485e-05
1342,9.004612003670384e-05
1343,8.763090592845785e-05
1344,8.581750183512365e-05
1345,8.716381999083668e-05
1346,8.624151033665042e-05
1347,8.858098196674575e-05
1348,9.210010754671616e-05
1349,0.00010531565425576276
1350,0.00012093303712375324
1351,0.0001443078951879755
1352,0.00016169648339624693
1353,0.0001710286025364453
1354,0.0001789384194049436
1355,0.00017833039270751536
1356,0.0001763334756610284
1357,0.00016808004978927232
1358,0.00016987465006552502
1359,0.0001686531488358132
1360,0.0001558012231362875
1361,0.0001424806957708946
1362,0.00013252007661840827
1363,0.00012324109583512598
1364,0.00011149470717095091
1365,0.00010229212787810016
1366,9.482387120487641e-05
1367,9.169905463964051e-05
1368,9.154471396345528e-05
1369,8.854897593697035e-05
1370,8.645243820068835e-05
1371,8.28764178938008e-05
1372,8.89233827808219e-05
1373,9.908047546131854e-05
1374,0.00012122223367968525
1375,0.0001461432224231874
1376,0.0001594005285437666
1377,0.00015535722459557362
1378,0.0001649959382159196
1379,0.00017481095958848052
1380,0.00016701987476592319
1381,0.00016352937228601954
1382,0.000161908992889759
1383,0.0001658315657880923
1384,0.00015519664526979595
1385,0.0001491717572941848
1386,0.0001312686562311439
1387,0.00012257037510270875
1388,0.00011265452485117113
1389,0.00010371906520284248
1390,9.434437386929842e-05
1391,9.070869098391401e-05
1392,8.907260512829218e-05
1393,8.75008169042095e-05
1394,8.709075749596164e-05
1395,8.585989829186112e-05
1396,8.836120137106781e-05
1397,9.964757749610328e-05
1398,0.0001213007659764917
1399,0.00014525808106164353
1400,0.0001570241082917892
1401,0.0001650776118045983
1402,0.00017255006418934375
1403,0.00017359150129683947
1404,0.00016234492951356996
1405,0.0001660889320508572
1406,0.0001678177189673247
1407,0.0001663663762211133
1408,0.00015889306712040273
1409,0.0001569591736150452
1410,0.00013974996854963288
1411,0.00012600773922569634
1412,0.0001166598477249086
1413,0.00010781317899789233
1414,9.687616725003445e-05
1415,9.199046987025154e-05
1416,9.067200596694427e-05
1417,8.727767534589901e-05
1418,9.071095359274507e-05
1419,8.84121649874569e-05
1420,9.106288811781814e-05
1421,0.00010150632163436294
1422,0.00011848427929040977
1423,0.00014138598850402666
1424,0.00016017313257480993
1425,0.00016248701256133053
1426,0.0001701531266883545
1427,0.000170854293788149
1428,0.00017038134264122788
1429,0.0001663201794602227
1430,0.00017140566739649643
1431,0.0001681307937349011
1432,0.00016087596917238267
1433,0.00015034943420721723
1434,0.00014052026603769309
1435,0.00012795602116585336
1436,0.00011495485115178138
1437,0.00010446781298931746
1438,9.592220303928927e-05
1439,9.067690462489891e-05
1440,9.023681622371834e-05
1441,9.116105898059522e-05
1442,9.162463018605162e-05
1443,8.87565208712997e-05
1444,9.314402693380328e-05
1445,0.00010354348236413646
1446,0.00012182995283804905
1447,0.00014662577318233353
1448,0.00016243774040979576
1449,0.00016996585736520068
1450,0.00018270889226884674
1451,0.00017683630203135
1452,0.00017102655959837451
1453,0.00017058842626696059
1454,0.0001672862694969363
1455,0.00016131546446251045
1456,0.00015137905302780894
1457,0.0001391948385712844
1458,0.00012811080118355918
1459,0.00012241161904424154
1460,0.00010637859713069166
1461,9.833959188806223e-05
1462,8.765577265852356e-05
1463,8.004864013063955e-05
1464,7.9449224527015e-05
1465,8.191023998878308e-05
1466,7.814220547031925e-05
1467,7.778082510255337e-05
1468,7.934940613353569e-05
1469,8.523579169477909e-05
1470,9.145300142103096e-05
1471,9.880259194954185e-05
1472,0.00010513284424904294
1473,0.00010976370157980441
1474,0.00012095212651282312
1475,0.0001283088783081197
1476,0.00012797761480159064
1477,0.0001268224980756408
1478,0.00012504017739488875
1479,0.00011865103136455181
1480,0.00011845541455250664
1481,0.00011611271376223493
1482,0.00011115751255389382
1483,0.00010541417659175632
1484,9.930379275623726e-05
1485,9.341136624908567e-05
1486,8.688969284906107e-05
1487,8.240285166875085e-05
1488,8.031720960217962e-05
1489,7.998486970892512e-05
1490,8.390368623725734e-05
1491,8.024252154367837e-05
1492,8.145815756409025e-05
1493,8.427328229145835e-05
1494,8.775600842644742e-05
1495,9.080809200294875e-05
1496,8.927439468870171e-05
1497,9.52540085206155e-05
1498,0.00010387035245545955
1499,0.00011513799066464162
1500,0.00011084052764678411
1501,0.00011096284032611792
1502,0.0001113362586515481
1503,0.00011124311824918185
1504,0.00010725600608147306
1505,0.00010516662961197676
1506,0.0001041446553338434
1507,9.989699167734539e-05
1508,9.578897272316867e-05
1509,9.120910097587234e-05
1510,8.986814278671058e-05
1511,8.477485653844626e-05
1512,8.252303354170977e-05
1513,8.281833694477807e-05
1514,8.453994062738382e-05
1515,9.07981628845833e-05
1516,8.8868135584607e-05
1517,9.629210663255471e-05
1518,0.00011804862823858719
1519,0.00014410713808013934
1520,0.00015765851744752922
1521,0.00016741778638112658
1522,0.00017621195379643168
1523,0.00017928998048972414
1524,0.00016655061408777505
1525,0.0001644499904753515
1526,0.00016291728167952584
1527,0.00016356364092462599
1528,0.00015533103984094612
1529,0.00014666880668427588
1530,0.000136138273711273
1531,0.00012397648763937482
1532,0.00011719019884149555
1533,0.00010326548901697963
1534,9.424662038096592e-05
1535,9.207702014980887e-05
1536,9.040943350716034e-05
1537,8.985032748805043e-05
1538,8.862485021757722e-05
1539,9.093763185029635e-05
1540,9.583549899019975e-05
1541,0.00010653043356020949
1542,0.00012223184049401384
1543,0.00014592577033756862
1544,0.00016498036355901447
1545,0.0001673964783173777
1546,0.00017533526975915928
1547,0.00017797812867630187
1548,0.00017910530328154182
1549,0.00017312338290664488
1550,0.0001709489499187613
1551,0.00017377497031584018
1552,0.0001608158672523652
1553,0.00015586956270981613
1554,0.0001460833182068542
1555,0.00013384409819195106
1556,0.0001232459944930806
1557,0.00011331841382294308
1558,0.00010307365054201157
1559,9.964520505189208e-05
1560,9.84354781749322e-05
1561,9.727902145734454e-05
1562,9.759681914626734e-05
1563,9.907568663874405e-05
1564,0.00010352371199570967
1565,0.00011147827579808063
1566,0.00012750655282320808
1567,0.00015434704663726826
1568,0.00017080998619579694
1569,0.00017413074907921848
1570,0.00018801264507255233
1571,0.00019064612404823023
1572,0.000184048005223622
1573,0.00017271576184383635
1574,0.00017455633921021938
1575,0.00017595553211793608
1576,0.00016627180795880512
1577,0.00015556549444341195
1578,0.00014559226618928453
1579,0.00013068031203383835
1580,0.00011882577945436869
1581,0.00011194577911014637
1582,0.000106339012459686
1583,0.00010343940235790738
1584,0.00010448336567914655
1585,0.00010318087184011292
1586,0.00010143132603679729
1587,0.00010511454567471014
1588,0.00010859494329964007
1589,0.00011654610220522644
1590,0.00013304164090458329
1591,0.00015826083270518968
1592,0.00017767572990767594
1593,0.00017166138612855907
1594,0.00018172336136984676
1595,0.00018362527081250497
1596,0.00016840579955971788
1597,0.00016901914228954532
1598,0.00016612632001425988
1599,0.00016666501861973813
1600,0.00015622523163781428
1601,0.00015087088865801208
1602,0.0001429136668394415
1603,0.00013031038647349689
1604,0.00011800469408652764
1605,0.00010796099545249671
1606,0.00010162549302182449
1607,9.759462243866437e-05
1608,9.490925722940417e-05
1609,9.382610464452787e-05
1610,9.718423352427604e-05
1611,9.735507147455963e-05
1612,0.00010102728560738158
1613,0.00011555143300259807
1614,0.0001316532997324253
1615,0.00015293157612621347
1616,0.00016906274693546442
1617,0.00016492863109496435
1618,0.00017644063105790167
1619,0.00017260201632415416
1620,0.00016519164289626885
1621,0.00016535479236994206
1622,0.00015892636920766386
1623,0.00015713662365521373
1624,0.00014944028283157278
1625,0.00013561036094012535
1626,0.00012906667652991895
1627,0.0001194885261381871
1628,0.00011120316013788369
1629,0.00010983423786093603
1630,9.652405698835314e-05
1631,9.31493649332785e-05
1632,9.148441433975354e-05
1633,8.946755118823155e-05
1634,9.289885239823493e-05
1635,9.344813913435951e-05
1636,9.271542731338626e-05
1637,9.783276750990319e-05
1638,0.000103774773707654
1639,0.00010645647041521722
1640,0.00010925806342375097
1641,0.00011710988721153066
1642,0.0001329962129913537
1643,0.00013901191872918442
1644,0.00013746605165481689
1645,0.00013791433377535655
1646,0.0001391969913447353
1647,0.0001366495574058661
1648,0.00013322102404744244
1649,0.000126837391753189
1650,0.00012521338778938353
1651,0.00012144425491711821
1652,0.00011713271100352562
1653,0.0001118792628039282
1654,0.00010352349232494935
1655,9.500553892364268e-05
1656,9.21548055660303e-05
1657,9.139419555849924e-05
1658,9.244977946295818e-05
1659,8.947253771449031e-05
1660,8.93983988328898e-05
1661,9.427133334149942e-05
1662,9.788854191594279e-05
1663,9.98977385579304e-05
1664,9.946098915230635e-05
1665,0.00010597402949145124
1666,0.00011475040357517222
1667,0.00012442661499430103
1668,0.00012662639798792296
1669,0.00012499255277405617
1670,0.00012544206505085353
1671,0.00012408996955414465
1672,0.00012482604233775047
1673,0.00012287934202706758
1674,0.00011721194624676503
1675,0.00011447632036754869
1676,0.00011085981473953828
1677,0.00010505420211685635
1678,0.00010050901638261103
1679,9.57608768329266e-05
1680,9.040374403446863e-05
1681,9.044416345436341e-05
1682,8.996137105738096e-05
1683,9.050402373654456e-05
1684,9.293193481473576e-05
1685,0.00010527152240001894
1686,0.00012860106238639179
1687,0.00014913151361089822
1688,0.0001723647499359565
1689,0.00017464721700375456
1690,0.0001766966353619527
1691,0.0001739667868237322
1692,0.00016944253571294325
1693,0.00016330607695817686
1694,0.00016957392079467736
1695,0.00016745745892043635
1696,0.000154059146138822
1697,0.0001434891383301936
1698,0.00013294746804964362
1699,0.00012290199008245428
1700,0.00011577301489851046
1701,0.0001051061103175147
1702,0.00010012905186852396
1703,9.688563505980328e-05
1704,9.329331518250164e-05
1705,9.250452141642438e-05
1706,9.01044426235629e-05
1707,9.136203575919165e-05
1708,9.528449882214482e-05
1709,0.00010837880923858308
1710,0.00012326642387378828
1711,0.00015222504905986774
1712,0.00016224708815693333
1713,0.0001571826446794961
1714,0.00016874657481016783
1715,0.00016982047925603557
1716,0.00015791757517514838
1717,0.00015733235030263905
1718,0.00016050450591671912
1719,0.0001587163200266671
1720,0.00015069809563796185
1721,0.00014183864207269623
1722,0.00012933753057736613
1723,0.00012110730193789746
1724,0.00010994677519143658
1725,0.00010038661583497312
1726,9.083027874973882e-05
1727,9.089951897338469e-05
1728,8.877730172522386e-05
1729,8.458240298534938e-05
1730,8.420927023190758e-05
1731,8.602386054734738e-05
1732,9.184454258418572e-05
1733,0.00010376067084484287
1734,0.00011403943915946847
1735,0.00014106493968785145
1736,0.00015569419954187042
1737,0.00015568181011098965
1738,0.00016892479369799742
1739,0.00016368819424571486
1740,0.0001646541744470483
1741,0.00016197474034831613
1742,0.000164156005096845
1743,0.00016790334662968877
1744,0.00015542910086834306
1745,0.000141904872806926
1746,0.00013310563099705805
1747,0.00012037335996066653
1748,0.00011025325983620404
1749,9.768143632313405e-05
1750,8.912585332058836e-05
1751,8.756379651118688e-05
1752,8.496153275054732e-05
1753,8.220771813237833e-05
1754,8.184205418478664e-05
1755,8.532390163673455e-05
1756,8.778588364984793e-05
1757,0.00010050791802880955
1758,0.00011525547058724889
1759,0.00013402666656083456
1760,0.00014952821703692
1761,0.00016348901876735286
1762,0.00016129165215209417
1763,0.00016149438629677298
1764,0.00015657762747148395
1765,0.00016085191522413007
1766,0.00015851975863035266
1767,0.00016088091176448937
1768,0.0001479206224789088
1769,0.0001427581619082267
1770,0.00013143461749054883
1771,0.00011960453426670034
1772,0.00011393357982008095
1773,9.733163260443587e-05
1774,8.909802103525862e-05
1775,8.4880891614442e-05
1776,8.238551964576335e-05
1777,8.027929442895223e-05
1778,7.95353134979757e-05
1779,8.249047833503363e-05
1780,8.672573059357482e-05
1781,9.619749443609446e-05
1782,0.00010996474425962894
1783,0.0001354896957914938
1784,0.00014919266995056513
1785,0.00015365306277133553
1786,0.00016695581877222034
1787,0.00017425075521556915
1788,0.0001630677561503298
1789,0.00015885763422676669
1790,0.00015791808041789703
1791,0.00015642585694319424
1792,0.0001440789323545171
1793,0.00013304860446768473
1794,0.00012307023591776633
1795,0.00011781439330688169
1796,0.00010397891374519871
1797,9.416975758193772e-05
1798,8.600310166049924e-05
1799,8.124257267993401e-05
1800,8.054107607399908e-05
1801,7.706397351047363e-05
1802,8.108684807795891e-05
1803,7.958913283424866e-05
1804,7.537395848319869e-05
1805,8.23988316938374e-05
1806,8.721478360722577e-05
1807,8.877033816212243e-05
1808,9.273820717122915e-05
1809,0.00010905967876012605
1810,0.0001263521610107672
1811,0.00012957563171445285
1812,0.00012766660493916104
1813,0.00012880342309077808
1814,0.00011942917109875464
1815,0.00011861669682471728
1816,0.00011924379094413934
1817,0.00011333781075107735
1818,0.0001187804174423672
1819,0.00011723734018665545
1820,0.00010859590985098538
1821,0.00010022199456720595
1822,9.369199564536607e-05
1823,8.983167744050116e-05
1824,8.700545933973801e-05
1825,8.730722106315907e-05
1826,8.524490803133145e-05
1827,8.382759228589018e-05
1828,8.384496824302974e-05
1829,8.921677504827561e-05
1830,9.281649783019928e-05
1831,9.167014596758532e-05
1832,9.154148480327891e-05
1833,9.59918606373797e-05
1834,0.00010535350352776207
1835,0.00011167180573790297
1836,0.0001092715731755093
1837,0.00011162883813718873
1838,0.00010896289182313885
1839,0.00010827571775077533
1840,0.00010541417659175632
1841,0.00010237270311297739
1842,0.00010447539163054774
1843,0.00010376328492689042
1844,0.00010053724407530928
1845,9.569635953062714e-05
1846,9.169496876349897e-05
1847,9.057557050317354e-05
1848,8.802057989015009e-05
1849,9.117098809896067e-05
1850,9.32535987090398e-05
1851,9.139054902387831e-05
1852,9.440827609346905e-05
1853,0.00010696408560811333
1854,0.00012530395804385432
1855,0.00014340430148256658
1856,0.0001668550118603197
1857,0.0001676192684024717
1858,0.00017256588048408518
1859,0.0001709783858006412
1860,0.00017008241467061466
1861,0.00016378010449182343
1862,0.00016086368957688203
1863,0.00016265831182021075
1864,0.00015040718565009949
1865,0.0001441798491017979
1866,0.00013105074283692848
1867,0.0001241527075232857
1868,0.00011566717752619897
1869,0.0001061812229525641
1870,9.860488826527386e-05
1871,9.437800546270002e-05
1872,9.82793801326646e-05
1873,9.752992939975667e-05
1874,9.51294112653746e-05
1875,9.443041890610706e-05
1876,9.651184329408059e-05
1877,0.00010632701843617374
1878,0.00012127967758350313
1879,0.00014985016650321243
1880,0.0001587325976300052
1881,0.00015684718546144538
1882,0.00017056105529022748
1883,0.000172162235462038
1884,0.000163482494545772
1885,0.0001534177953870566
1886,0.00015701367393067506
1887,0.0001536819055421626
1888,0.00014757055515529825
1889,0.00014146590472662295
1890,0.0001318582525517831
1891,0.00012702490271417917
1892,0.00011283212866087188
1893,0.00010330452451108453
1894,9.164095172354174e-05
1895,8.858317867434872e-05
1896,8.926672817916732e-05
1897,8.2302637867903e-05
1898,8.647196693127883e-05
1899,9.08345403624886e-05
1900,9.386283359564966e-05
1901,9.92592654931249e-05
1902,0.00011334666348271736
1903,0.00014457672826442792
1904,0.00016049411548975704
1905,0.00018164109467011527
1906,0.00019578582672814544
1907,0.00018716792313090325
1908,0.00016710706209068535
1909,0.00015892252496935865
1910,0.00015648576115952743
1911,0.0001596091498648214
1912,0.0001558469585885815
1913,0.0001503185704653954
1914,0.00013991379900266297
1915,0.00012719881605510692
1916,0.00011485015606742344
1917,0.00010514382778705783
1918,9.4958551348015e-05
1919,8.813691752480379e-05
1920,8.695089312288004e-05
1921,8.639954148160864e-05
1922,8.570498647169913e-05
1923,8.901452417926945e-05
1924,9.140223550832614e-05
1925,9.862775599142085e-05
1926,0.00011293825160517174
1927,0.00013943748689310929
1928,0.0001581517442056258
1929,0.00015839560071663234
1930,0.00017455427430507258
1931,0.00017231178731564874
1932,0.00016599080512223218
1933,0.00017207340060657357
1934,0.00017438246980344368
1935,0.00016858893907257814
1936,0.00016219368619510493
1937,0.0001561210857303571
1938,0.00014059370197286065
1939,0.0001243445679653298
1940,0.00011831561608065314
1941,0.00010579407520461529
1942,9.393253512789215e-05
1943,8.894251610404382e-05
1944,8.855297394480778e-05
1945,8.546341453659966e-05
1946,8.777421913247611e-05
1947,8.812635136123346e-05
1948,9.011804024362533e-05
1949,9.851010033220536e-05
1950,0.00011090715378838243
1951,0.0001373900016376018
1952,0.00015767152195653882
1953,0.00015717972305838416
1954,0.00016528605738904485
1955,0.00016707635211839575
1956,0.00015897028139264736
1957,0.00016126878442594716
1958,0.00015830492062678144
1959,0.0001548909734068416
1960,0.00014093761851518286
1961,0.0001402884255172748
1962,0.0001276906149532616
1963,0.00012094692031580404
1964,0.00011077012316810869
1965,0.00010338573679116663
1966,9.718972529328349e-05
1967,9.322506347727712e-05
1968,9.565905943552857e-05
1969,8.914395419123688e-05
1970,8.900470489628413e-05
1971,8.740398603307025e-05
1972,8.842951897752043e-05
1973,9.13263612277193e-05
1974,9.37007165745499e-05
1975,9.523166800429322e-05
1976,9.512134934847167e-05
1977,0.00010333270826963074
1978,0.0001177477232311313
1979,0.00013118467609948205
1980,0.00012265393785992602
1981,0.00011984915962536795
1982,0.00011789228855848326
1983,0.00011453169936621975
1984,0.00011623384021946312
1985,0.00011588842991597092
1986,0.00011251450670855733
1987,0.00011397250547880574
1988,0.00010966869397597561
1989,0.00010336776772297428
1990,9.54635085247115e-05
1991,9.139272376440526e-05
1992,9.150605190964287e-05
1993,9.023718966401084e-05
1994,8.833859724983317e-05
1995,8.671195723690414e-05
1996,9.121323078616594e-05
1997,9.166518140840259e-05
1998,9.190310680888112e-05
1999,9.436282621316344e-05
2000,9.570914436887647e-05
2001,0.00010087239575429562
2002,0.00010982938313713344
2003,0.00012107758048402916
2004,0.00011932074161147166
2005,0.00011717495369073089
2006,0.0001159558468723063
2007,0.00011629989521708467
2008,0.00010980992030777106
2009,0.00010583532937339922
2010,0.0001062292429807652
2011,0.00010585075026077213
2012,0.00010015611530619265
2013,9.709467375530264e-05
2014,9.042329473213513e-05
2015,8.819124210382541e-05
2016,9.035104501907319e-05
2017,8.603214213501062e-05
2018,8.699941839382982e-05
2019,8.980026452177857e-05
2020,9.149717721092685e-05
2021,0.0001056490485686667
2022,0.00012165340344799774
2023,0.00015358753498353868
2024,0.00016340629075902469
2025,0.00016822771247434448
2026,0.00017405632462562956
2027,0.00017785713402152984
2028,0.0001739352860367055
2029,0.00017443360915644102
2030,0.00017333609010384125
2031,0.00016596134727327625
2032,0.00015357630980768747
2033,0.00013969735740254158
2034,0.00013139316561808066
2035,0.00012267946360227261
2036,0.00011243597441175086
2037,0.00010389706441991176
2038,9.854935549707056e-05
2039,9.65616646225161e-05
2040,8.848700681549036e-05
2041,8.991460315251356e-05
2042,8.89134975966085e-05
2043,9.34012174599599e-05
2044,9.106394253746757e-05
2045,0.0001013902476046216
2046,0.00011589980886135433
2047,0.00014501723404005304
2048,0.00015983253306096822
2049,0.00016721098832738222
2050,0.0001733764216554319
2051,0.0001664414816540591
2052,0.0001642195119136471
2053,0.00016612812131449434
2054,0.0001624371033645909
2055,0.00016309530286367114
2056,0.00015416261106692225
2057,0.00014613412805371107
2058,0.00012761821147066744
2059,0.00011996499201727297
2060,0.00010888881884276644
2061,9.789361631050566e-05
2062,9.391671883315072e-05
2063,8.7790364933358e-05
2064,8.637025936926095e-05
2065,8.699616726657741e-05
2066,8.473336073182602e-05
2067,8.619197458020328e-05
2068,9.006114551670821e-05
2069,9.867164620932835e-05
2070,0.00011515541055593324
2071,0.0001440391499798272
2072,0.0001555096980702963
2073,0.0001576962129499963
2074,0.00017246549094662906
2075,0.00016601391448621552
2076,0.00015916104348088995
2077,0.00015822665193488734
2078,0.00015892601773444736
2079,0.00015936063633369653
2080,0.00015148113403011933
2081,0.00014226289221205935
2082,0.00012964660733710509
2083,0.0001211607478338779
2084,0.00011269246199147453
2085,0.00010221915325152924
2086,9.596962995643756e-05
2087,8.972188599450433e-05
2088,8.552626234112085e-05
2089,8.370095209257853e-05
2090,8.240177528202539e-05
2091,8.249276291094073e-05
2092,8.637421344294631e-05
2093,0.00010051356356734919
2094,0.0001122507699937438
2095,0.00014137050171542564
2096,0.00015233372018498705
2097,0.00015837820279241676
2098,0.00016977278873397494
2099,0.00016460492426258953
2100,0.00015588465409104862
2101,0.00015463259665857935
2102,0.00015467325771631048
2103,0.00014750834439598192
2104,0.00013832013157085465
2105,0.0001334187716658625
2106,0.0001288494660821365
2107,0.00011714103652534091
2108,0.00010621171325409343
2109,9.680646571779196e-05
2110,8.486435040619158e-05
2111,8.173705156136432e-05
2112,7.576093049453927e-05
2113,7.536181069015423e-05
2114,7.461088816315231e-05
2115,7.341475890625485e-05
2116,7.575354955699326e-05
2117,8.329772444497592e-05
2118,8.894157151977455e-05
2119,9.30531711073441e-05
2120,9.504121345511505e-05
2121,9.992576854694439e-05
2122,0.00010812131117336202
2123,0.00011282744967367753
2124,0.00011005261256374804
2125,0.00011119426347209164
2126,0.0001107927931905714
2127,0.00011189485942790933
2128,0.00010856616643004106
2129,0.00010222589714387037
2130,0.00010313135805074179
2131,0.00010126938475230576
2132,9.434505484865534e-05
2133,8.836357381527903e-05
2134,8.172703457469474e-05
2135,7.677965364542021e-05
2136,7.934281601072676e-05
2137,7.605206015316191e-05
2138,7.429783536265193e-05
2139,7.333919216471242e-05
2140,7.371177574125349e-05
2141,7.930202315053946e-05
2142,8.249397110012236e-05
2143,8.484012072133075e-05
2144,8.918725129809157e-05
2145,9.866560526342016e-05
2146,0.00010547891356481608
2147,0.00010951501231207128
2148,0.00010572309958196308
2149,0.00010566385437791078
2150,0.0001042967773353496
2151,0.00010002837675907949
2152,9.746123835301156e-05
2153,9.651920226455056e-05
2154,9.496593228556099e-05
2155,9.547422845781403e-05
2156,8.989437147549013e-05
2157,8.493763257182693e-05
2158,7.985284758198614e-05
2159,7.651659790996363e-05
2160,7.856113957728314e-05
2161,7.582193306467396e-05
2162,7.510301656744741e-05
2163,7.474818238833841e-05
2164,7.845255632046795e-05
2165,8.278549616611355e-05
2166,8.323342681343675e-05
2167,8.577905945207154e-05
2168,9.114078336941973e-05
2169,9.645209284727959e-05
2170,0.00010221618769626521
2171,0.00010204183501381687
2172,0.00010031517890372426
2173,0.00010080585748100141
2174,0.00010008340428453408
2175,9.801421555790916e-05
2176,9.571164861554386e-05
2177,9.332349794496655e-05
2178,9.290911102274083e-05
2179,8.963634620044436e-05
2180,8.65870304755228e-05
2181,8.063560040215522e-05
2182,7.502580229520275e-05
2183,7.37356100187458e-05
2184,7.398385994495831e-05
2185,7.356310257068395e-05
2186,7.330758154230557e-05
2187,7.525599528491878e-05
2188,8.267845060462044e-05
2189,8.963190885108635e-05
2190,9.262006823634101e-05
2191,9.54824002100971e-05
2192,9.680093001463245e-05
2193,0.00010610187787394455
2194,0.00011138155476232153
2195,0.00010958150665121344
2196,0.00010701234727415075
2197,0.00010653311354348511
2198,0.0001021432130696943
2199,0.00010273797165320054
2200,9.802783514504762e-05
2201,9.405449633400947e-05
2202,9.41960082377933e-05
2203,9.212093233479238e-05
2204,8.795375604486749e-05
2205,8.364640784279657e-05
2206,8.192968085106943e-05
2207,8.010327224872561e-05
2208,8.022220199835083e-05
2209,8.089764565211444e-05
2210,8.371881132539073e-05
2211,8.858765995785879e-05
2212,9.994272712963938e-05
2213,0.00011808061230128657
2214,0.00017685468847398694
2215,0.00018891700762562225
2216,0.00017297282056753682
2217,0.0001738610812538769
2218,0.00017411480098202084
2219,0.00017071328712711385
2220,0.00017097107076432332
2221,0.00017021724858328543
2222,0.00016567636839594194
2223,0.00015158497239851207
2224,0.00014061790969064546
2225,0.0001310532470835959
2226,0.00012402231095997294
2227,0.00011816415309142782
2228,0.0001085776991449567
2229,0.00010125312911604372
2230,9.484223568043731e-05
2231,9.65072082410383e-05
2232,9.332062025800665e-05
2233,9.237840843293742e-05
2234,9.11413545133965e-05
2235,9.382669775558068e-05
2236,0.00010331056545699272
2237,0.00011956648729101677
2238,0.00013961520053819022
2239,0.00015698412821341502
2240,0.00016389549754220787
2241,0.00017423129238620675
2242,0.00017855913587021345
2243,0.00017309768142769009
2244,0.00017053603479062955
2245,0.00017157538502590247
2246,0.00016485073584336275
2247,0.0001562853774919838
2248,0.00014897712900056095
2249,0.00013144401939908958
2250,0.0001240379734851822
2251,0.00012503514693447792
2252,0.00011159852357226765
2253,0.00010256548617221471
2254,0.00010181359709386748
2255,9.907175453213472e-05
2256,9.781633613703292e-05
2257,9.627541165477207e-05
2258,9.929291905360253e-05
2259,9.911421689010028e-05
2260,0.00010719129107548932
2261,0.00012473740518597032
2262,0.00014847968456386664
2263,0.00015907071486425553
2264,0.0001634319483038275
2265,0.000173607383492809
2266,0.00017992904666558245
2267,0.00017552688856336702
2268,0.00017946376202819574
2269,0.00017425332536346463
2270,0.00016916979249695754
2271,0.00015706257264191736
2272,0.00015217232807739628
2273,0.00014028943600277217
2274,0.0001315829172208259
2275,0.00012171027620783883
2276,0.00010839994156572373
2277,9.98078932169686e-05
2278,9.117076842820038e-05
2279,9.406537003664422e-05
2280,8.774487111890034e-05
2281,8.697580378709781e-05
2282,8.623024122664714e-05
2283,9.064533793664412e-05
2284,0.00010114527077273752
2285,0.00011548146786544323
2286,0.0001452664724846869
2287,0.00015889012353221472
2288,0.0001625487839791263
2289,0.00017224869787329123
2290,0.0001706038471543335
2291,0.00016675466625701567
2292,0.00016281210331949524
2293,0.0001598289743946514
2294,0.00015835236951100576
2295,0.00015020587936536263
2296,0.000138925302548399
2297,0.00013445607896306466
2298,0.00012127256025086946
2299,0.00011417102194488684
2300,0.00010293517009471986
2301,9.255480405345653e-05
2302,8.792350738117449e-05
2303,8.96437491050664e-05
2304,8.744513036647402e-05
2305,8.253702656914074e-05
2306,8.073232143791433e-05
2307,8.167060115637424e-05
2308,8.814313420732021e-05
2309,9.264205727944681e-05
2310,9.208888237086495e-05
2311,0.00010121795982732004
2312,0.00011474759178944043
2313,0.00012797864725416406
2314,0.00012713985642304301
2315,0.00012793739308538011
2316,0.00012648679721975373
2317,0.00012257088034545744
2318,0.00011653839176153997
2319,0.00011209047623995451
2320,0.00011052174143943998
2321,0.00010600076342297948
2322,0.00010462812871018277
2323,0.00010452666278600123
2324,9.728389814822315e-05
2325,8.936700788124325e-05
2326,8.55194305804756e-05
2327,8.470620942585322e-05
2328,8.689977573695876e-05
2329,8.160599598577065e-05
2330,7.935470019885887e-05
2331,7.936981354716736e-05
2332,8.308991590573422e-05
2333,8.61372545938131e-05
2334,8.680942515324827e-05
2335,8.905186820852006e-05
2336,9.307827947524615e-05
2337,0.0001014767759171029
2338,0.00010892394419733805
2339,0.00011365424648128632
2340,0.00011334587266798028
2341,0.00010987054943761325
2342,0.00010389436246956011
2343,0.00010207515906815405
2344,9.643691359774301e-05
2345,9.146712625091811e-05
2346,9.072868102310109e-05
2347,9.148540285817489e-05
2348,9.027532450799854e-05
2349,8.2324033799956e-05
2350,7.889257882042043e-05
2351,7.976840614172767e-05
2352,7.739991600419702e-05
2353,7.961501004981173e-05
2354,8.096339311067156e-05
2355,8.115252963528795e-05
2356,8.968484950431812e-05
2357,0.00010672091007646369
2358,0.0001360133249828156
2359,0.00014656586896600032
2360,0.00015006465303356718
2361,0.00016110462446677662
2362,0.00016014108261088247
2363,0.00015255207292072306
2364,0.00014857418692494674
2365,0.00015278681309517726
2366,0.00015291854965012784
2367,0.00014335344770155766
2368,0.0001325847257231639
2369,0.00011568721149953814
2370,0.00010550711929043832
2371,0.00010168671526271948
2372,9.394448521725234e-05
2373,8.478755350839148e-05
2374,7.887395073994718e-05
2375,8.001402001881662e-05
2376,7.712029709341398e-05
2377,7.558985090641935e-05
2378,7.574641025728358e-05
2379,7.716493419190648e-05
2380,8.795777601978094e-05
2381,0.00010560577342888804
2382,0.00013300405523749632
2383,0.00014609381846919641
2384,0.00014942308261104147
2385,0.00015753881885024294
2386,0.0001550672811590566
2387,0.0001503918526310307
2388,0.00015266854235783294
2389,0.00015888579601823686
2390,0.00015820015964119541
2391,0.00014559538551408077
2392,0.00013632547713319875
2393,0.00011996099400943556
2394,0.00011052180734066808
2395,0.00010182816126527522
2396,9.204494821880538e-05
2397,8.215359125704096e-05
2398,7.823745471198436e-05
2399,7.744066493023227e-05
2400,7.788754115790604e-05
2401,7.574001783815892e-05
2402,8.084294763280028e-05
2403,8.143416951706573e-05
2404,9.256418399492124e-05
2405,0.00011417526159056057
2406,0.0001358708025935344
2407,0.00015220980390910307
2408,0.00015781430795073237
2409,0.00016549318494892963
2410,0.0001661567224474851
2411,0.00016484651816476504
2412,0.00015868521464700895
2413,0.00015929350494934953
2414,0.00015311352941696813
2415,0.0001467064582525909
2416,0.00014319064970110099
2417,0.00012894379270660838
2418,0.00011445887850918106
2419,0.00011030837522996274
2420,0.0001019340865058908
2421,9.016759796714851e-05
2422,8.329772444497592e-05
2423,8.309031131310276e-05
2424,8.349648254889334e-05
2425,8.00911024886051e-05
2426,8.054929176043422e-05
2427,8.12227144432031e-05
2428,9.250847549010973e-05
2429,0.00011208195301445495
2430,0.00013870556588687315
2431,0.0001502708579762587
2432,0.00015303521679092198
2433,0.0001653726955369063
2434,0.00016790156729653037
2435,0.00016580173449884391
2436,0.00016316241228094211
2437,0.00015701593653950612
2438,0.00015940285705382575
2439,0.00015053485829598457
2440,0.00013738038005830074
2441,0.00012426153241793723
2442,0.0001156525035194111
2443,0.00010536149954343691
2444,9.568983530904628e-05
2445,8.647284561432002e-05
2446,8.302933071004409e-05
2447,7.84130595177664e-05
2448,7.783220609338702e-05
2449,7.808247699059428e-05
2450,7.798566808653105e-05
2451,8.290703999778632e-05
2452,8.926439966910816e-05
2453,0.00010902391636034958
2454,0.00013510153755804763
2455,0.0001493403326356373
2456,0.0001534355008503366
2457,0.00017094047062741382
2458,0.00016412689872110555
2459,0.0001569559444548688
2460,0.000159110167732805
2461,0.00015733476668100232
2462,0.00015026655242935687
2463,0.0001484634289276046
2464,0.0001398944240416047
2465,0.00012078974588681099
2466,0.00011043853015543918
2467,0.00010195526276718351
2468,9.625605866078984e-05
2469,8.728501234929296e-05
2470,8.108998936983117e-05
2471,7.821427944677294e-05
2472,7.821096241829245e-05
2473,7.597027672910304e-05
2474,7.503814779193148e-05
2475,7.573960046371434e-05
2476,8.088059920111533e-05
2477,8.528475630724947e-05
2478,8.704739448787885e-05
2479,9.318068998369697e-05
2480,0.00010066467508335804
2481,0.00011469621079860677
2482,0.00012127567957566571
2483,0.00011903071030665048
2484,0.00011847250493765781
2485,0.00011407533336170113
2486,0.00010909719852598492
2487,0.00010656162680817177
2488,0.00010230899859249103
2489,0.00010155410002472771
2490,9.718605679158653e-05
2491,9.518617418983555e-05
2492,9.194866652456688e-05
2493,8.454145635562988e-05
2494,7.821572927379091e-05
2495,7.524531928596831e-05
2496,7.548570499896218e-05
2497,7.399457987806085e-05
2498,7.304913889281523e-05
2499,7.339028758355769e-05
2500,7.818042818261106e-05
2501,8.134166615990433e-05
2502,8.451768797936566e-05
2503,8.464797470729828e-05
2504,9.001740906833292e-05
2505,0.0001000653473480376
2506,0.00010569928727154681
2507,0.00010943237217204725
2508,0.00010714533595243504
2509,0.00010570396625874114
2510,0.00010573392935044577
2511,0.00010590672237049599
2512,0.00010136232745098776
2513,0.00010323827180977872
2514,0.00011632104951130134
2515,0.00011382286575689088
2516,8.947668949185994e-05
2517,8.339172156330733e-05
2518,8.099988042395702e-05
2519,7.850942908030905e-05
2520,7.864441676251203e-05
2521,7.90805291229312e-05
2522,8.337206103026068e-05
2523,8.370031504737365e-05
2524,9.190659957396986e-05
2525,0.00010888187724674103
2526,0.00013335915302151768
2527,0.00014399976301250579
2528,0.00015771833379555827
2529,0.00015844588335366453
2530,0.00015846224882530671
2531,0.0001528640054003459
2532,0.00015412050018217315
2533,0.00015232438417767441
2534,0.0001506556332799963
2535,0.000145810948431161
2536,0.00013013853803771594
2537,0.00011812687496340526
2538,0.00010891471802540555
2539,0.00010638347382157026
2540,9.486053425477011e-05
2541,8.660497757663913e-05
2542,8.266696182385687e-05
2543,8.109763391228954e-05
2544,7.841141198706417e-05
2545,7.822864591449642e-05
2546,8.008117337023965e-05
2547,8.265224388291692e-05
2548,8.94628722010372e-05
2549,0.00011050267401744614
2550,0.0001323860554875506
2551,0.00014290171675008132
2552,0.00014328031930545452
2553,0.00015399849504190376
2554,0.0001552079802810273
2555,0.00015542376286886781
2556,0.0001602861312139071
2557,0.00015531645370246236
2558,0.00015374442384054337
2559,0.00014118615401338377
2560,0.00013066304591207893
2561,0.00011846534367087209
2562,0.00011026145355556315
2563,0.00010795460303337205
2564,9.920847761334406e-05
2565,8.973840523567871e-05
2566,8.622923074114978e-05
2567,8.284999150133699e-05
2568,8.269855047918769e-05
2569,8.142472367437293e-05
2570,8.103221595987286e-05
2571,8.271006122702729e-05
2572,9.200244192668778e-05
2573,0.00011390961374013247
2574,0.000141063138387617
2575,0.00014725225222362678
2576,0.00015335354168966947
2577,0.0001588659158144299
2578,0.0001592773371813916
2579,0.00014977347944079248
2580,0.00015213924566089544
2581,0.00015671612988585172
2582,0.00015331755961913273
2583,0.00014272571653693074
2584,0.00013786128328674465
2585,0.00012423712699646813
2586,0.00011091706093967186
2587,0.00010451260385734217
2588,9.768677432260929e-05
2589,8.869617731344589e-05
2590,8.5400962139447e-05
2591,8.421816689769964e-05
2592,8.188322048526645e-05
2593,8.043172396952284e-05
2594,8.384138760963689e-05
2595,8.442037383255375e-05
2596,9.397302044901503e-05
2597,0.00011269665770299624
2598,0.00013362223072405031
2599,0.00014641021026525334
2600,0.00016249981936665594
2601,0.00016303390488616793
2602,0.00016023424498032477
2603,0.00015556538460803182
2604,0.00015720733567295357
2605,0.00015834195711696765
2606,0.0001523289533294886
2607,0.00014878731149658766
2608,0.00014388918075177188
2609,0.00012697765153363912
2610,0.0001148934312072021
2611,0.00010855744550085724
2612,9.971189709471848e-05
2613,9.302002278961517e-05
2614,8.770801036532238e-05
2615,8.91467659769687e-05
2616,8.472549651860736e-05
2617,8.490613178480023e-05
2618,8.871862766514833e-05
2619,9.084947797418886e-05
2620,9.847721561938878e-05
2621,0.00011477298572933085
2622,0.00013681204786725835
2623,0.0001503194711155126
2624,0.00016441761100528362
2625,0.0001637656281887198
2626,0.0001676522409835924
2627,0.00016026438380863762
2628,0.000159412610435583
2629,0.00016152937984888842
2630,0.00015307080345409023
2631,0.0001440944850443462
2632,0.00013303797240288631
2633,0.00012251769805438935
2634,0.00011022575705701474
2635,0.00010420910673491476
2636,9.865161223598919e-05
2637,8.989079084209728e-05
2638,8.486525105630881e-05
2639,8.49626970055769e-05
2640,8.303315298127327e-05
2641,8.174985836668968e-05
2642,8.112790454305856e-05
2643,8.172094969463448e-05
2644,8.563117709623908e-05
2645,8.876653785796927e-05
2646,8.871994568971011e-05
2647,9.024109980354415e-05
2648,0.00010350993863903899
2649,0.00011379512133986527
2650,0.00011773291742188724
2651,0.00011613037529136287
2652,0.00011725045453104523
2653,0.00010982343005952937
2654,0.00010675159808167729
2655,0.00010379559849573022
2656,0.00010003584556492961
2657,9.722105034370195e-05
2658,9.768301795260818e-05
2659,9.612462964490368e-05
2660,9.465951354202161e-05
2661,9.275797753965596e-05
2662,8.893880366819479e-05
2663,8.778583971569586e-05
2664,8.796847398580744e-05
2665,8.710013743742635e-05
2666,8.809977119923743e-05
2667,8.651438535509232e-05
2668,8.870199858859379e-05
2669,8.678761184675071e-05
2670,8.892637030316195e-05
2671,8.629842703064359e-05
2672,9.258026389457505e-05
2673,9.966190002967471e-05
2674,0.00010747339226586373
2675,0.00010480002108011579
2676,0.0001060887854966308
2677,0.0001052742902515987
2678,0.00010420308775608261
2679,0.00010045198985323772
2680,9.777668556479916e-05
2681,9.722298344639258e-05
2682,9.50717257237204e-05
2683,9.492700662683623e-05
2684,9.15101158187084e-05
2685,8.788781088262611e-05
2686,8.52179324619669e-05
2687,8.480411668371793e-05
2688,8.072465492837993e-05
2689,8.36279115647795e-05
2690,9.005477506465958e-05
2691,9.020325053154484e-05
2692,9.804004883932016e-05
2693,0.00011529828441843092
2694,0.00013855232356448942
2695,0.00015605090092244195
2696,0.0001660521152314313
2697,0.0001733146063034841
2698,0.0001737244460409717
2699,0.0001825150108558079
2700,0.0001956406243555886
2701,0.0001973130437549637
2702,0.0001714300069167374
2703,0.00015821698642143426
2704,0.00014380858354981864
2705,0.00012669142053297111
2706,0.00011444007469209956
2707,0.00010760058163607615
2708,0.0001005765651414026
2709,9.266072929407212e-05
2710,9.075695264995142e-05
2711,8.649468088789362e-05
2712,8.52053892615539e-05
2713,8.552057286842915e-05
2714,8.666272901952142e-05
2715,8.66844105235628e-05
2716,9.367229117816737e-05
2717,0.00011081223405285777
2718,0.00013781737110176112
2719,0.0001450839480499555
2720,0.00015249790211123361
2721,0.00015692387252386533
2722,0.00016113069938602397
2723,0.00015367773179771695
2724,0.0001561523009453954
2725,0.0001568909438768967
2726,0.00014622882811847544
2727,0.00014237103612735393
2728,0.00013743797773165084
2729,0.00012089977897064414
2730,0.00011120122703519308
2731,0.0001031571034638487
2732,9.919397934316441e-05
2733,9.202599063219169e-05
2734,9.371246896022584e-05
2735,9.20674644717359e-05
2736,8.910355673841813e-05
2737,8.58484534452496e-05
2738,8.737922913838468e-05
2739,8.776609131434511e-05
2740,9.479382024486767e-05
2741,0.00011115689747576497
2742,0.00014076144256542402
2743,0.00015475721588089627
2744,0.00015486590897309164
2745,0.0001613768185058616
2746,0.00015988672583753367
2747,0.0001561381321813562
2748,0.00016419541403124243
2749,0.0001595443689576096
2750,0.00015568062388888402
2751,0.00014479991375689045
2752,0.0001359430083724443
2753,0.00012386689389706228
2754,0.00011527677865099778
2755,0.00010326195231773883
2756,9.576199715380411e-05
2757,8.743432256506737e-05
2758,8.420839154886639e-05
2759,8.380002360547282e-05
2760,8.242306137869825e-05
2761,8.06320417358384e-05
2762,8.054171311920395e-05
2763,8.251532309802332e-05
2764,9.008508962958067e-05
2765,0.00010777049696916647
2766,0.00013580140860035636
2767,0.00015084200195303294
2768,0.00016211069458186444
2769,0.00016167001306963106
2770,0.0001591538382799522
2771,0.00015564510312694385
2772,0.0001597838320534102
2773,0.00015605687596712204
2774,0.0001511082868486659
2775,0.00013631269229494943
2776,0.00012604264490950764
2777,0.00011309448144989552
2778,0.00010459735283666505
2779,9.651522622378917e-05
2780,9.072784627421196e-05
2781,8.277613819172488e-05
2782,7.978395883155676e-05
2783,7.80959867423526e-05
2784,7.710355818147928e-05
2785,7.775549706389104e-05
2786,7.907191802912755e-05
2787,8.171099860919299e-05
2788,8.765911165408009e-05
2789,0.00010569924333739475
2790,0.00012874644049555684
2791,0.00014383964499532474
2792,0.00015068414654468296
2793,0.00016627413646886426
2794,0.00016020722547680814
2795,0.00015438300674072903
2796,0.0001565519040254531
2797,0.0001588989762638547
2798,0.00015035279516984975
2799,0.00014148468657662844
2800,0.0001322989340640165
2801,0.00011702841132653623
2802,0.00010992195239552291
2803,0.0001042539854712436
2804,0.0001002581084401989
2805,9.034030311889463e-05
2806,8.505166366349751e-05
2807,8.209307196257892e-05
2808,7.96922902232845e-05
2809,7.809405363966198e-05
2810,7.918746484904417e-05
2811,8.068625647947989e-05
2812,8.446154013303354e-05
2813,9.067657511875847e-05
2814,9.205421832488996e-05
2815,9.561314824662634e-05
2816,0.00010446247498984222
2817,0.00011800161869588348
2818,0.00012021335177886564
2819,0.00011771371819743721
2820,0.00012074005636083164
2821,0.00011922843595799451
2822,0.0001118546157446228
2823,0.00010710260998955711
2824,0.00010298703436122615
2825,0.00010022243390872655
2826,9.77156390605124e-05
2827,9.500709858604079e-05
2828,9.415554488374645e-05
2829,8.728143171590011e-05
2830,8.234547366616107e-05
2831,7.840121926378635e-05
2832,7.717196365623601e-05
2833,7.743345972929448e-05
2834,7.654464986605365e-05
2835,7.560990684683454e-05
2836,7.9004391237412e-05
2837,8.289632006468378e-05
2838,8.481430940699574e-05
2839,8.89859450133547e-05
2840,9.507365882641102e-05
2841,0.00010490243158856662
2842,0.00011052185127482015
2843,0.00010395751781314572
2844,0.00010574335322606254
2845,0.0001047061996983926
2846,9.995114051975879e-05
2847,9.94883820961155e-05
2848,9.530229215372895e-05
2849,9.16134050102004e-05
2850,8.863486720424679e-05
2851,8.659366453248378e-05
2852,8.312886353153501e-05
2853,7.804102511812609e-05
2854,7.678446443507074e-05
2855,7.404806970819337e-05
2856,7.352575854143332e-05
2857,7.302189971853832e-05
2858,7.405173820989032e-05
2859,7.706586267901218e-05
2860,8.94411028286917e-05
2861,0.00010813429371529562
2862,0.00013149428006904574
2863,0.00014759289567162055
2864,0.00014414839224892326
2865,0.00015507130113397006
2866,0.00015916673295358167
2867,0.00015627858966549063
2868,0.00015205640781718713
2869,0.0001504015840457119
2870,0.0001463579505913785
2871,0.00014692876506201225
2872,0.00013419392387772528
2873,0.0001163220380297227
2874,0.00010297365641192402
2875,9.755501580058268e-05
2876,8.901636941365593e-05
2877,8.259025279436089e-05
2878,7.859824196869743e-05
2879,7.714338449032128e-05
2880,7.836653325073533e-05
2881,7.759375348308379e-05
2882,7.912775833639523e-05
2883,8.3600979929567e-05
2884,9.280966606955402e-05
2885,0.00010634525110927846
2886,0.00013934704844109473
2887,0.00015061604860899062
2888,0.00014258244726706452
2889,0.0001505040384883148
2890,0.0001527705354918392
2891,0.00014322597275935687
2892,0.00014413751854628853
2893,0.00014693785943148857
2894,0.00013953247252986205
2895,0.00013479784273193594
2896,0.0001263353122634524
2897,0.00011250163400200388
2898,0.00010394594116407802
2899,9.625561931926925e-05
2900,8.744697560086052e-05
2901,7.872565100967014e-05
2902,7.530039074557498e-05
2903,7.338556466221129e-05
2904,7.251435042687029e-05
2905,7.31927376688219e-05
2906,7.194731429331365e-05
2907,7.455513572418872e-05
2908,7.982806872022456e-05
2909,8.387438215783362e-05
2910,8.66138083412031e-05
2911,8.803769224237727e-05
2912,9.341923046230433e-05
2913,9.98724324863441e-05
2914,0.00010827936428539628
2915,0.00010746106873621102
2916,0.00010675296004039114
2917,0.00010531532474962233
2918,0.00010447354639616123
2919,0.00010010354809325339
2920,9.690200053144547e-05
2921,9.355579977398147e-05
2922,9.048932776268064e-05
2923,8.621433706360158e-05
2924,8.172830866510446e-05
2925,7.691661836446588e-05
2926,7.029631279306759e-05
2927,7.264725123685045e-05
2928,7.066634818878919e-05
2929,6.876077024443406e-05
2930,7.043329947918929e-05
2931,7.418942784244498e-05
2932,8.372847683884384e-05
2933,9.549123097466108e-05
2934,0.0001243840428009553
2935,0.00013759787607807157
2936,0.00014816900420757748
2937,0.00014949350905679295
2938,0.00015101879298092056
2939,0.00015228185591848075
2940,0.0001498174794940801
2941,0.00014523683889912275
2942,0.00014595601900126162
2943,0.00013713285504559722
2944,0.00013061996847598453
2945,0.00012105001180361179
2946,0.0001102625299422886
2947,9.670620798279206e-05
2948,8.718752246587282e-05
2949,7.930015594907694e-05
2950,7.586002397450959e-05
2951,7.275418696296341e-05
2952,7.228830921452388e-05
2953,7.198083605133508e-05
2954,7.382060063590501e-05
2955,7.650915107118953e-05
2956,8.779163902376773e-05
2957,0.0001031605742618614
2958,0.00012536405996387177
2959,0.00013637329945771559
2960,0.0001410498043724669
2961,0.0001518757945180703
2962,0.00015546998159683448
2963,0.00014675581827242984
2964,0.00015268145899853842
2965,0.00014715553118786764
2966,0.00014318449891981264
2967,0.0001356052206443344
2968,0.0001298436739761682
2969,0.0001104422425912882
2970,0.00011160632188425821
2971,0.00010556904447776626
2972,0.00010194581692449071
2973,9.265438080909952e-05
2974,8.761153096739958e-05
2975,8.54999677511132e-05
2976,8.359074327213712e-05
2977,8.324104938881908e-05
2978,8.469234820087843e-05
2979,8.622969204974641e-05
2980,8.718736869634059e-05
2981,9.100313767101715e-05
2982,9.373700618415109e-05
2983,9.984622576464058e-05
2984,0.0001085512947195689
2985,0.00011962944493091811
2986,0.00012108067784174936
2987,0.00012363569042184887
2988,0.00012323854765430652
2989,0.0001267918759716553
2990,0.00012032650418749502
2991,0.00011777867484125725
2992,0.0001127234795028286
2993,0.00010715418868407504
2994,0.00010285441912323438
2995,0.00010109856876909821
2996,9.661418790130332e-05
2997,8.897992603452253e-05
2998,8.896889856235559e-05
2999,8.427883996169389e-05
3000,8.4613837871148e-05
3001,8.268071321345151e-05
3002,8.102507666016318e-05
3003,8.114879523236289e-05
3004,8.272530637779197e-05
3005,8.462699614968983e-05
3006,8.738983923610707e-05
3007,8.920082695107798e-05
3008,9.774496510701216e-05
3009,0.00010351532057266629
3010,0.00010993917458313027
3011,0.0001090643577473204
3012,0.00011370665992469337
3013,0.00011462536697841073
3014,0.00011101406754741938
3015,0.00010862358836678291
3016,0.00010859239511882062
3017,0.00010663699584602993
3018,9.96649314861668e-05
3019,9.606048578289674e-05
3020,9.50066592445202e-05
3021,8.738570942581347e-05
3022,8.467503814496696e-05
3023,8.219996375453981e-05
3024,8.11974962399209e-05
3025,8.326914527906118e-05
3026,8.934029591679104e-05
3027,9.450174600197575e-05
3028,9.228221460700302e-05
3029,0.00010204741465112844
3030,0.0001325653946962577
3031,0.00014433552976962093
3032,0.0001540931511725161
3033,0.0001777165008007872
3034,0.0001822764264430485
3035,0.00016206676042980486
3036,0.00015884829821945402
3037,0.0001578133633664631
3038,0.00014746247714123175
3039,0.00015312580901246877
3040,0.0001456475573196515
3041,0.00013469147814979977
3042,0.00012847714611050778
3043,0.00011793391616755972
3044,9.03911129657515e-05
3045,8.324564050770932e-05
3046,7.957557914833828e-05
3047,7.695211715933e-05
3048,7.405114509883753e-05
3049,7.355238263758143e-05
3050,7.688647953615302e-05
3051,8.105681908502621e-05
3052,8.676461231814752e-05
3053,0.0001039125072743607
3054,0.0001331492795771292
3055,0.00014198869916905564
3056,0.0001402837684971565
3057,0.0001462004027220929
3058,0.000149198469258637
3059,0.00014827519305310544
3060,0.00014698928435647428
3061,0.00014498588702255855
3062,0.00013929588712102134
3063,0.00013989615944061108
3064,0.00013572421629518772
3065,0.00011819451159050096
3066,0.00010777754840057205
3067,9.984119530422976e-05
3068,9.005499473541986e-05
3069,8.062327687250251e-05
3070,7.891237115592326e-05
3071,7.615165887588092e-05
3072,7.897220947102837e-05
3073,7.607609213433848e-05
3074,8.03406484723034e-05
3075,8.091653733750005e-05
3076,8.242270990548178e-05
3077,9.946782091295162e-05
3078,0.0001271653162641615
3079,0.00013502340066860968
3080,0.00014592856015622439
3081,0.00015696453358159647
3082,0.00015680421786073114
3083,0.00014666083263567708
3084,0.00014531018696598618
3085,0.0001478658146242145
3086,0.00015139667062278483
3087,0.0001546548273395215
3088,0.0001374805938591486
3089,0.0001283919577896643
3090,0.00012243345431781514
3091,0.00011581231399752774
3092,0.00010591118168693005
3093,9.933786369115946e-05
3094,9.222496840686943e-05
3095,8.644180613588993e-05
3096,8.398707325786637e-05
3097,8.217757930406548e-05
3098,8.223513304326349e-05
3099,8.268519449696159e-05
3100,8.813986111299176e-05
3101,9.46704970800365e-05
3102,0.00010156686289590101
3103,0.00010660000328999579
3104,0.00011509144243053454
3105,0.00012546401015980728
3106,0.00011747067446824375
3107,0.0001136203732500484
3108,0.00011173085323827103
3109,0.00011159153804209017
3110,0.00010993699984260332
3111,0.00010871490550183869
3112,0.00010556405795150749
3113,0.00010252825197834424
3114,9.78705508806744e-05
3115,9.255254144462547e-05
3116,8.798940860926382e-05
3117,8.1011654776709e-05
3118,7.565509312222779e-05
3119,7.4685180814285e-05
3120,7.160965836765992e-05
3121,7.327195094498527e-05
3122,7.367972577732604e-05
3123,7.522223188906102e-05
3124,7.852605815686359e-05
3125,9.726531400190197e-05
3126,0.00012149794245093498
3127,0.0001318333199204893
3128,0.00014113567367266732
3129,0.000154230313595246
3130,0.00014671704638323727
3131,0.00013730755920126204
3132,0.00013792872221015607
3133,0.0001390428264051583
3134,0.0001351799600194739
3135,0.00012478966485984514
3136,0.00012609986914256522
3137,0.000113924749055517
3138,0.00010359198566801022
3139,9.636308225520693e-05
3140,9.09873213762757e-05
3141,8.26828440198264e-05
3142,7.800675647951964e-05
3143,7.347411394568731e-05
3144,7.145208853129832e-05
3145,7.107757185206665e-05
3146,6.992735378407144e-05
3147,6.96310618625818e-05
3148,7.106527028948997e-05
3149,7.496135089413137e-05
3150,8.281205436103356e-05
3151,8.550697524836671e-05
3152,9.745827279774753e-05
3153,0.00011372096049118876
3154,0.00011569828290585715
3155,0.00011564762682853247
3156,0.00011552718135066121
3157,0.00011356374212804361
3158,0.0001172995729130478
3159,0.00011239691695056992
3160,0.00010746513264527653
3161,0.00010366487242627702
3162,0.00010343880924685457
3163,0.00010452147855605821
3164,0.00010597793963098453
3165,0.00010087325247026078
3166,9.397499748585771e-05
3167,8.57838922087981e-05
3168,8.544768611016235e-05
3169,9.16956497428559e-05
3170,8.753016491778529e-05
3171,8.65804623197899e-05
3172,8.797266969732913e-05
3173,8.859802841774485e-05
3174,8.877800467165682e-05
3175,9.184676125886473e-05
3176,9.546662784950772e-05
3177,0.00010374265784249846
3178,0.00011084057158093618
3179,0.00011153139218792063
3180,0.0001115869249561239
3181,0.0001119105439201946
3182,0.00011005740138632254
3183,0.00010766984382679804
3184,0.0001072688128867984
3185,9.731179633478097e-05
3186,9.733943091642643e-05
3187,9.474880970608265e-05
3188,9.474591005204673e-05
3189,8.904004992161604e-05
3190,8.73082095815804e-05
3191,8.623111990968833e-05
3192,8.648325800835813e-05
3193,8.463978098793917e-05
3194,8.522219407471667e-05
3195,8.702575691798952e-05
3196,9.833647256326599e-05
3197,0.00011785580124519782
3198,0.00014068378895165873
3199,0.0001558099220983953
3200,0.00015958410739814747
3201,0.00016820745883024504
3202,0.00016686904882190273
3203,0.00017145069990235747
3204,0.00017125036016896587
3205,0.00017152795810875419
3206,0.00016694255065829834
3207,0.00016031855461812706
3208,0.0001578619106044889
3209,0.00013841133887053028
3210,0.0001278389805847667
3211,0.00010902567372643195
3212,0.00010000689295872236
3213,9.342841270008477e-05
3214,9.015052954907337e-05
3215,8.84672803812156e-05
3216,8.710305905853832e-05
3217,8.591945103497784e-05
3218,8.641447909330889e-05
3219,8.926591539735422e-05
3220,9.476396698854322e-05
3221,0.00011059328820606896
3222,0.00013809026808727905
3223,0.00015377583675926595
3224,0.00015948510178648124
3225,0.0001640806140919108
3226,0.00016557933982111844
3227,0.00015817843420300195
3228,0.00016226138872342871
3229,0.00016718932879041686
3230,0.00016024729342348646
3231,0.00015457438390710043
3232,0.00014674670193587746
3233,0.00013215182055584506
3234,0.00012515998582755515
3235,0.00011295206889599446
3236,0.00010371049804319086
3237,9.668964480746561e-05
3238,8.779956913821448e-05
3239,8.642078364412943e-05
3240,8.619911387991295e-05
3241,8.270577764720149e-05
3242,8.686407923841036e-05
3243,8.795810552592139e-05
3244,9.669107266740753e-05
3245,0.00011178801157010049
3246,0.0001377487459562441
3247,0.00015261700759746705
3248,0.00016165224170512296
3249,0.00016657231755889246
3250,0.0001662402193034743
3251,0.0001629422802120477
3252,0.0001627371955902337
3253,0.00016513336424356189
3254,0.00016620994867270526
3255,0.00015984964541319543
3256,0.00014906613959263362
3257,0.00013962930340100132
3258,0.00012615505043755203
3259,0.00011134438646967914
3260,0.00010432434601576698
3261,9.594649862537822e-05
3262,9.33439712598263e-05
3263,8.749547890473427e-05
3264,8.400611871278419e-05
3265,8.266836771672278e-05
3266,8.088196115982918e-05
3267,8.122348329086413e-05
3268,8.440971980067929e-05
3269,0.000103410361883396
3270,0.0001308105767946949
3271,0.00014254791502354573
3272,0.00014789107676164875
3273,0.00016185886402225903
3274,0.00016350450555595384
3275,0.00015990950569537657
3276,0.00016179355590522252
3277,0.0001655125599099879
3278,0.00016173633167216496
3279,0.00015155940272201343
3280,0.00014493595585874286
3281,0.00013395408734163218
3282,0.00012145660041384695
3283,0.00010980179248964003
3284,0.00010142620770808234
3285,9.434720762210626e-05
3286,8.814126700585767e-05
3287,8.706028916150833e-05
3288,8.29654504529495e-05
3289,8.274808623563485e-05
3290,8.448620915941498e-05
3291,8.572484470843004e-05
3292,9.447830713185197e-05
3293,0.00010739734224864864
3294,0.00013377042061894719
3295,0.0001471741373012649
3296,0.00014968730260152765
3297,0.00016455290622655101
3298,0.00016461709402271001
3299,0.00016214155832368628
3300,0.00016098896781147984
3301,0.00015773513860872107
3302,0.00015039321458974457
3303,0.00014581075072747673
3304,0.00013840841724941833
3305,0.00012591308309508402
3306,0.0001172797146763169
3307,0.00010409588842505729
3308,9.819012790275561e-05
3309,9.028343035905353e-05
3310,8.638475763944061e-05
3311,8.287630805842065e-05
3312,8.102112258647782e-05
3313,8.042396959168434e-05
3314,8.009635261977623e-05
3315,7.884137356619501e-05
3316,8.016135319774835e-05
3317,8.748021178689357e-05
3318,9.181038378095942e-05
3319,9.924555803768232e-05
3320,0.0001077057380290307
3321,0.00011944878769764921
3322,0.0001254205153492683
3323,0.0001253988118781509
3324,0.00012616249727632613
3325,0.00012318624404627961
3326,0.00011854963134159834
3327,0.000114857207498829
3328,0.00011405573872988257
3329,0.00010829647663762348
3330,0.00010471590914599776
3331,0.0001001520953312792
3332,9.604596554564105e-05
3333,8.958577799142382e-05
3334,8.600753900985726e-05
3335,8.522414914448333e-05
3336,8.343888487554326e-05
3337,8.321901641156121e-05
3338,8.219497722828106e-05
3339,8.05438878597309e-05
3340,7.965259571689868e-05
3341,8.134041403657064e-05
3342,8.469522588783833e-05
3343,9.009075713519635e-05
3344,9.803515018136553e-05
3345,0.0001058864467593205
3346,0.00011254528258207504
3347,0.00011452879971218384
3348,0.00011476883395196121
3349,0.00011383894565654468
3350,0.0001117225057493797
3351,0.00011038352459706062
3352,0.00010550279177646044
3353,0.00010213334985255694
3354,0.00010054163749051525
3355,9.552681763782932e-05
3356,9.027143633554127e-05
3357,8.669693175689978e-05
3358,8.416248035996415e-05
3359,8.251558670293567e-05
3360,8.240291756997894e-05
3361,8.243922914665616e-05
3362,8.419136706494331e-05
3363,8.205074140706954e-05
3364,8.764276814951393e-05
3365,0.00010626032639334734
3366,0.00012796087588965596
3367,0.00014378299190624395
3368,0.0001495467352820131
3369,0.00015781274828833425
3370,0.00016041378189271614
3371,0.00015852208714041183
3372,0.0001582088366362272
3373,0.00016168653231080546
3374,0.00015902937282716748
3375,0.00014742146461028415
3376,0.00014311662065488062
3377,0.00012646256753489287
3378,0.00011611849110323077
3379,0.00010257717265666256
3380,9.584121042996748e-05
3381,8.960326378394352e-05
3382,8.828302054747784e-05
3383,8.496427863505105e-05
3384,8.445868441314967e-05
3385,8.214588081335451e-05
3386,8.525947220273921e-05
3387,8.17550425966327e-05
3388,8.930664235631343e-05
3389,0.00010609199268973114
3390,0.00013233179680975705
3391,0.00014322584095690069
3392,0.0001557304891514716
3393,0.00016697921370819205
3394,0.00015963750935997587
3395,0.0001580805708792893
3396,0.00015873576088895348
3397,0.00015918841445762308
3398,0.00016087137805349244
3399,0.0001488586825266084
3400,0.00013685642136083848
3401,0.00012449943585133972
3402,0.00011562686794168432
3403,0.0001067606045828495
3404,9.697231714181679e-05
3405,9.060377622879579e-05
3406,8.608174379268585e-05
3407,8.469575309766304e-05
3408,8.233451209522221e-05
3409,8.339380843553017e-05
3410,8.663072298974602e-05
3411,8.600512263149398e-05
3412,9.151771642701469e-05
3413,0.00010694121788196633
3414,0.00013374759682695226
3415,0.00015009283679211338
3416,0.0001487658716303826
3417,0.0001608087279526555
3418,0.00016372250681847335
3419,0.00016037402148510224
3420,0.00016233726300403554
3421,0.0001665341387807527
3422,0.00016418814292907657
3423,0.00015900747165236578
3424,0.00015211308287334396
3425,0.0001312536307511395
3426,0.00011759795170676028
3427,0.00011023256685058398
3428,0.00010107906200558377
3429,9.532272153443664e-05
3430,9.021889108967805e-05
3431,8.727598388104472e-05
3432,8.539274645301185e-05
3433,8.603005526278777e-05
3434,8.615640988411106e-05
3435,8.417350783213109e-05
3436,9.015353903848945e-05
3437,0.00010715117919465895
3438,0.00013469051159845444
3439,0.00015178500459283925
3440,0.0001523337641191391
3441,0.00016321243131306193
3442,0.000165469855914186
3443,0.00016587161176769463
3444,0.00016790782791319884
3445,0.00016912065214787892
3446,0.00017136632436332708
3447,0.000159824251473305
3448,0.00015073124395569078
3449,0.0001329822638980748
3450,0.00012411362809502873
3451,0.00011119887655805788
3452,0.00010054759056811932
3453,9.477224857620643e-05
3454,9.058068883188848e-05
3455,8.902959359342587e-05
3456,8.7780765321133e-05
3457,8.648119310321133e-05
3458,8.399959449120336e-05
3459,8.711863371544342e-05
3460,9.449214638975075e-05
3461,0.00011080292001262114
3462,0.0001404765295893178
3463,0.00015511222579661353
3464,0.00015715516386738285
3465,0.00016701499807504456
3466,0.00017230423064149448
3467,0.00017099534438333618
3468,0.00016571656814507645
3469,0.00016468984897852066
3470,0.0001631436084638606
3471,0.0001522057619671136
3472,0.00013978333653812214
3473,0.00012859054015697353
3474,0.00011686389989414921
3475,0.00010723645538380655
3476,0.00010063227364621411
3477,9.470366736484148e-05
3478,8.841403218891943e-05
3479,8.478865186219297e-05
3480,8.454433404258978e-05
3481,8.510480202041353e-05
3482,8.477795389616647e-05
3483,8.144627337595815e-05
3484,8.341430371746594e-05
3485,8.645885258688905e-05
3486,9.143426350517758e-05
3487,9.83735090534522e-05
3488,0.00010850575697095917
3489,0.0001225143370917568
3490,0.0001243695884649277
3491,0.00012483118263354143
3492,0.0001261945033061015
3493,0.00012193477972486314
3494,0.00012033342381644442
3495,0.00011656268734762891
3496,0.0001140120901498114
3497,0.00010836042279594616
3498,0.00010613047900693531
3499,0.00010051079571576945
3500,9.610914285630269e-05
3501,8.986627558524805e-05
3502,8.589245349853725e-05
3503,8.363529250232551e-05
3504,8.24556385524504e-05
3505,8.254565963002044e-05
3506,7.925828670216417e-05
3507,7.671173144633614e-05
3508,7.851845754855728e-05
3509,8.074420562604643e-05
3510,8.498657521722127e-05
3511,8.891090548163698e-05
3512,9.534833514508736e-05
3513,0.00010416895091993232
3514,0.00011328893400691112
3515,0.00011504247781806416
3516,0.00011314386343681046
3517,0.00011534494248791818
3518,0.00011379048628682299
3519,0.00011389272105866559
3520,0.00010899474408338202
3521,0.00010480795119456253
3522,0.00010087055051990911
3523,9.653218480648415e-05
3524,9.183340527663862e-05
3525,8.939989259405984e-05
3526,8.87776971325924e-05
3527,8.437378166429458e-05
3528,8.344975857817801e-05
3529,8.46430540822676e-05
3530,8.508243953701522e-05
3531,8.33373310830576e-05
3532,9.105361801173357e-05
3533,0.00010382378225427642
3534,0.00013152103596765
3535,0.00014949884705626817
3536,0.00015502644436471723
3537,0.0001688845060805588
3538,0.0001671896363294813
3539,0.00016652133197542736
3540,0.0001639156633180032
3541,0.00016966145959265602
3542,0.00015196102677306585
3543,0.00015138375398207932
3544,0.00014503166640900459
3545,0.00012738898503229673
3546,0.00011377603195079539
3547,0.00010713101341886361
3548,9.482982428248048e-05
3549,9.169268418759187e-05
3550,8.631048695538393e-05
3551,8.327821768146148e-05
3552,8.503356279284896e-05
3553,8.318206778967913e-05
3554,8.55984461529547e-05
3555,8.354043866802893e-05
3556,8.530136341672799e-05
3557,0.0001029549843972987
3558,0.000129867837759801
3559,0.00014321481348473375
3560,0.00014932864615118947
3561,0.00015510827172292814
3562,0.0001554834913485928
3563,0.00015454916570381826
3564,0.00015776868233381851
3565,0.00016511357190805904
3566,0.00016460184887194537
3567,0.00015476694729557746
3568,0.00013765949372633512
3569,0.0001235091380968413
3570,0.0001164869229024022
3571,0.00010761130156917868
3572,9.848499196430333e-05
3573,9.202645194078832e-05
3574,8.897696047925852e-05
3575,8.669649241537918e-05
3576,8.740134998394668e-05
3577,8.861718370804282e-05
3578,8.710547543690159e-05
3579,8.49971413807916e-05
3580,9.309271184419772e-05
3581,0.00011150206614142089
3582,0.00013645701598446507
3583,0.0001482188694701651
3584,0.00015201871231472003
3585,0.00015936970873609683
3586,0.00016179390737843902
3587,0.00016205395362447951
3588,0.0001590735705841394
3589,0.0001659534171588295
3590,0.00016522962397072435
3591,0.00015425636654741733
3592,0.00014442058628800824
3593,0.0001298748672241305
3594,0.0001173717127907296
3595,0.00010860961730642797
3596,9.851385670220646e-05
3597,9.323776044722234e-05
3598,8.828099957648308e-05
3599,8.485817765782722e-05
3600,8.513696181972114e-05
3601,8.545287034010537e-05
3602,8.660297857272041e-05
3603,8.367142834239449e-05
3604,8.898054111265137e-05
3605,0.00010697014852109755
3606,0.00013508317308248672
3607,0.00015420421670892266
3608,0.00015260266309681964
3609,0.0001640061017700178
3610,0.00016680705773334669
3611,0.00016603129044335507
3612,0.0001671030421157719
3613,0.00016470577510864224
3614,0.0001684041739960917
3615,0.00015969453588934914
3616,0.00014884941242052384
3617,0.00013270354563740897
3618,0.00011969631271035276
3619,0.00010879482172443503
3620,9.884160547657073e-05
3621,9.32614848893345e-05
3622,9.231384719648589e-05
3623,8.8488215004672e-05
3624,8.58892463054369e-05
3625,8.460067959260616e-05
3626,8.509895877818962e-05
3627,8.706209046174278e-05
3628,9.571156074723974e-05
3629,0.00010748070730218165
3630,0.00013744647899007435
3631,0.00014541538729309278
3632,0.00015720208554178248
3633,0.00016892325600267533
3634,0.00017178027194403222
3635,0.00016323598001856583
3636,0.00016702965011475642
3637,0.00016496854527211043
3638,0.00015888583995238891
3639,0.00014804317679607894
3640,0.00013854149379600672
3641,0.00013078588580123744
3642,0.00011715801707511192
3643,0.00010913638778962204
3644,0.00010260311577345374
3645,9.452496520133923e-05
3646,9.020944524698524e-05
3647,8.835274404679634e-05
3648,8.550251593193266e-05
3649,8.363278825565812e-05
3650,8.222212853425386e-05
3651,7.997452321611508e-05
3652,8.232623050755899e-05
3653,8.502178844009701e-05
3654,8.943192059091125e-05
3655,9.495846347971086e-05
3656,0.00010558769452531555
3657,0.00011772044012270231
3658,0.00012352460291836627
3659,0.0001259750961507161
3660,0.0001244715376647819
3661,0.0001219682355816565
3662,0.00011852452297369631
3663,0.00011542641837291261
3664,0.00011199790698156503
3665,0.0001075471357400957
3666,0.00010549962851751215
3667,0.00010017788467853816
3668,9.647271993167155e-05
3669,9.142773928359672e-05
3670,8.889076167291766e-05
3671,8.653545178100488e-05
3672,8.517336126470247e-05
3673,8.396624846979014e-05
3674,8.080516426202908e-05
3675,7.449545117861581e-05
3676,7.673741095821495e-05
3677,8.302495926191416e-05
3678,8.487395001841661e-05
3679,8.764907270033448e-05
3680,9.26019893327685e-05
3681,0.00010060255219234581
3682,0.00011194081455096363
3683,0.00011379703247547986
3684,0.00011245392151286718
3685,0.00011069029481381647
3686,0.00010587159701592439
3687,0.00010693333170167164
3688,0.00010546929198551503
3689,0.00010096371288935141
3690,9.88657033589754e-05
3691,9.456988787182011e-05
3692,8.958072556393695e-05
3693,8.907275889782437e-05
3694,8.747228167244682e-05
3695,8.515928036896738e-05
3696,8.59271614786643e-05
3697,8.34016506816728e-05
3698,8.217997371535273e-05
3699,8.020280507021654e-05
3700,8.707689627098685e-05
3701,0.00011049195408434359
3702,0.00013669975217459412
3703,0.00015163468389156747
3704,0.0001539099018242757
3705,0.00016772284316595207
3706,0.00016835487987748086
3707,0.00016373474247982194
3708,0.00016706227122266064
3709,0.00016417206302942277
3710,0.00016630245202986664
3711,0.0001459905292777044
3712,0.00013773833356220597
3713,0.00012789167960016216
3714,0.00011618781919518074
3715,0.0001067750589188771
3716,9.607515978968463e-05
3717,9.017475923393422e-05
3718,8.910871900128513e-05
3719,8.849592544835845e-05
3720,8.750525425356752e-05
3721,8.428488090760208e-05
3722,8.745991420864206e-05
3723,8.430069720234352e-05
3724,8.823124414927566e-05
3725,0.0001036662563520669
3726,0.00012977456555497854
3727,0.00014736902919980106
3728,0.00014991540871902087
3729,0.00015962733860377406
3730,0.0001619578916010013
3731,0.0001619878546927059
3732,0.00016022897288207763
3733,0.00016382869566400132
3734,0.00015955682428971847
3735,0.00015129063554678908
3736,0.00014591478679955373
3737,0.00012903981079593452
3738,0.00011850275360135082
3739,0.00011103287136450086
3740,9.992025481086092e-05
3741,9.210573111817979e-05
3742,9.028382576642205e-05
3743,8.714633419831698e-05
3744,8.561977618377962e-05
3745,8.355814413130894e-05
3746,8.606652060899721e-05
3747,8.71290900436336e-05
3748,8.952716983257637e-05
3749,0.00010912156001330194
3750,0.00013709179858049757
3751,0.00015219108796032572
3752,0.0001529875043017853
3753,0.00016511809712572116
3754,0.0001639344891021607
3755,0.00016262968872014398
3756,0.00015894835825076966
3757,0.0001621516192445079
3758,0.00015825885566834698
3759,0.00014888521875445237
3760,0.00014268369352048578
3761,0.0001243205140170772
3762,0.0001144845140869078
3763,0.00010346150123639334
3764,9.386520603986088e-05
3765,9.097299884270429e-05
3766,8.617899203826967e-05
3767,8.525220110057334e-05
3768,8.047508697760564e-05
3769,7.989313519942475e-05
3770,7.949755209428052e-05
3771,7.797130161880757e-05
3772,8.341718140442584e-05
3773,8.850150508567e-05
3774,9.170713852361946e-05
3775,9.68708951517873e-05
3776,0.00010406498074908338
3777,0.00011199878566460622
3778,0.00011677126473453164
3779,0.00011496860254137602
3780,0.00011755891621265536
3781,0.00011516375804482455
3782,0.00011352642006586904
3783,0.0001150777130080159
3784,0.00011239193042431115
3785,0.00010525908903498609
3786,0.00010261649372275586
3787,9.419025286387351e-05
3788,9.059988805633851e-05
3789,8.714049095609305e-05
3790,8.426361677800525e-05
3791,8.191023998878308e-05
3792,7.824261697485136e-05
3793,8.102665828963733e-05
3794,8.01740062335415e-05
3795,7.64318269635647e-05
3796,8.171104254334506e-05
3797,0.00010050506230892567
3798,0.00012413289322070687
3799,0.00013581764226954236
3800,0.00014253730492582334
3801,0.00015037388356283838
3802,0.00014800532752407962
3803,0.00014652237415546136
3804,0.00015433333918182568
3805,0.00015150520994544796
3806,0.00014164142166410087
3807,0.0001337685753845607
3808,0.00013058934637199903
3809,0.00012082660664038896
3810,0.00011152212208183608
3811,9.90350036139369e-05
3812,9.248670611776423e-05
3813,8.868974096016917e-05
3814,8.384839510689039e-05
3815,8.10799723831616e-05
3816,8.05228653679704e-05
3817,7.936104868383148e-05
3818,7.871288813849684e-05
3819,7.50372032076622e-05
3820,7.955712680447328e-05
3821,8.355342120996253e-05
3822,8.641386401518005e-05
3823,9.00584875005086e-05
3824,0.00010144492365685972
3825,0.0001132670987333375
3826,0.0001180663996030953
3827,0.00011907466642578608
3828,0.00012144974668612566
3829,0.00011644643758127933
3830,0.00011517307208506118
3831,0.00011034859694617326
3832,0.00010950967431259605
3833,0.00010749206428048905
3834,0.0001014985452894484
3835,9.353554612988199e-05
3836,8.971202277736694e-05
3837,8.756972762171492e-05
3838,8.223333174302905e-05
3839,7.949706881860785e-05
3840,7.908940382164725e-05
3841,7.87228172568623e-05
3842,7.70657967777841e-05
3843,7.398539764028041e-05
3844,7.600149194414135e-05
3845,7.918539994389737e-05
3846,8.266309561847563e-05
3847,8.582540998249436e-05
3848,9.239279686773692e-05
3849,0.00010024815735475742
3850,0.00010896062921430779
3851,0.00010853310598061625
3852,0.00011213282876253992
3853,0.0001109094822984416
3854,0.00010799084870882119
3855,0.0001102474824952082
3856,0.00010228547185406315
3857,9.829866722541874e-05
3858,9.474709627415234e-05
3859,9.080868511400156e-05
3860,8.775499794095006e-05
3861,8.61365955815322e-05
3862,8.295112791937808e-05
3863,8.047673450830786e-05
3864,8.176242353417871e-05
3865,8.315133585031348e-05
3866,8.100348302442591e-05
3867,8.030613819586061e-05
3868,8.767451057437695e-05
3869,0.0001101018627482068
3870,0.00013127210506208055
3871,0.00014486814349503894
3872,0.00015167211578912218
3873,0.0001592431783781653
3874,0.0001596629252669423
3875,0.00015127207336754393
3876,0.00015759252835113573
3877,0.0001549631132845234
3878,0.00015025220792870943
3879,0.00014277852538770633
3880,0.0001353746102801738
3881,0.00012495784479392912
3882,0.00010903169270526411
3883,9.916381854777551e-05
3884,9.364623822599605e-05
3885,9.077507548767599e-05
3886,9.098323550013416e-05
3887,8.361288608477515e-05
3888,8.258788035014967e-05
3889,8.278569386979781e-05
3890,8.253887180352724e-05
3891,7.934042159943952e-05
3892,8.753567865386876e-05
3893,0.00010953005975915169
3894,0.0001331387353806349
3895,0.00014693946302803877
3896,0.00015271045553889775
3897,0.00016147090349249714
3898,0.0001622762824009769
3899,0.00015694344518860787
3900,0.00016274784962210813
3901,0.00016228605774981015
3902,0.00016112301090941356
3903,0.00014405979903129516
3904,0.00013573133362782135
3905,0.00012748917686606853
3906,0.00011549381336217198
3907,0.00010902861731461994
3908,9.548332282729035e-05
3909,8.938321958335323e-05
3910,8.70497888991661e-05
3911,8.598262834563948e-05
3912,8.461928570600338e-05
3913,8.302713400244112e-05
3914,8.564923403273554e-05
3915,8.19006623436341e-05
3916,8.928873918934915e-05
3917,0.0001061202862836575
3918,0.00012838071064673705
3919,0.00013935849328770624
3920,0.0001526808439204096
3921,0.0001558904753661965
3922,0.0001594556878716774
3923,0.00015490646019544258
3924,0.0001550195686699199
3925,0.0001619358366566674
3926,0.0001587834514110141
3927,0.00015357753996394515
3928,0.00014542630492987956
3929,0.0001314648881213179
3930,0.00011774082556925794
3931,0.00011006199250521277
3932,9.658508152556386e-05
3933,8.966367324302541e-05
3934,8.586640054636593e-05
3935,8.385764324589892e-05
3936,8.063239320905487e-05
3937,8.169520428152759e-05
3938,7.96160864365372e-05
3939,7.742621059420467e-05
3940,8.52506194710992e-05
3941,0.00010271875046167448
3942,0.00012669142053297111
3943,0.00013988117789475875
3944,0.00014826662589345383
3945,0.00015793864160106093
3946,0.00015677765966581113
3947,0.0001514797061701774
3948,0.00015495140483299952
3949,0.00015151779708001302
3950,0.00015537941134236369
3951,0.00015105415997332852
3952,0.00014199825484712862
3953,0.0001257405976140982
3954,0.00011608536475257787
3955,9.944414040499151e-05
3956,9.481387618528287e-05
3957,8.936643673726648e-05
3958,8.531149023877771e-05
3959,8.257707254874302e-05
3960,7.893055989487591e-05
3961,8.163240041115846e-05
3962,8.260141206898401e-05
3963,7.980665082109552e-05
3964,8.613187266018579e-05
3965,0.00010538478464402847
3966,0.00013320294514386995
3967,0.00014712917069663193
3968,0.00014441160175391208
3969,0.00015071272571059768
3970,0.00014799979182092011
3971,0.00014066630315913905
3972,0.00014730334764247204
3973,0.0001516941707334561
3974,0.00014775808808336447
3975,0.00012485400642553638
3976,0.00011916901501733397
3977,0.00010493691989793337
3978,9.550028140998534e-05
3979,8.783979085442501e-05
3980,8.151059297457333e-05
3981,7.675680788634924e-05
3982,7.435435664927654e-05
3983,7.071362133640529e-05
3984,6.792175974255271e-05
3985,6.593119118103837e-05
3986,6.700549103427464e-05
3987,6.333031134618869e-05
3988,6.676967447309498e-05
3989,7.246564941931228e-05
3990,7.717723575448317e-05
3991,8.13248174125895e-05
3992,9.279683729715263e-05
3993,0.00010698721693917268
3994,0.0001100657049410618
3995,0.00011105084043269321
3996,0.00011128366947153281
3997,0.00010911734233470422
3998,0.00010097485019689849
3999,9.896038145666374e-05
4000,9.941215634229216e-05
4001,9.395505138082267e-05
4002,9.006560483314226e-05
4003,8.444227500735543e-05
4004,8.043818228987561e-05
4005,7.525817002544574e-05
4006,7.20173672987726e-05
4007,6.981800167959521e-05
4008,6.918067090274326e-05
4009,6.796747322777069e-05
4010,6.691226276360428e-05
4011,6.369298777144032e-05
4012,6.54162389847483e-05
4013,7.010454021932762e-05
4014,7.537650666401815e-05
4015,7.818849009951398e-05
4016,8.411707441381061e-05
4017,9.275679131755035e-05
4018,0.00010237733816601967
4019,0.00010316635160285724
4020,0.00010346765201768167
4021,0.00010246112059399725
4022,9.402738896218874e-05
4023,9.177604924112489e-05
4024,9.084862125822369e-05
4025,8.480824649401154e-05
4026,8.378306502277783e-05
4027,7.501490662549198e-05
4028,7.180617582982231e-05
4029,7.143170308474269e-05
4030,7.076304725747228e-05
4031,7.134653673097523e-05
4032,7.333523809102707e-05
4033,7.288517663732898e-05
4034,7.415544477582692e-05
4035,6.932958571114912e-05
4036,7.682844252128234e-05
4037,9.66212612997849e-05
4038,0.00011625437943555099
4039,0.0001282240414604927
4040,0.00013420174415679188
4041,0.00015922455029769206
4042,0.00015418066800341874
4043,0.0001500811283405895
4044,0.00015285372480876395
4045,0.00014871082213785197
4046,0.00014927293764637796
4047,0.00013606674891172003
4048,0.0001289736239958568
4049,0.00011025523687304671
4050,0.00010478611592098894
4051,9.481424962557537e-05
4052,8.497767855142921e-05
4053,8.145809166286216e-05
4054,7.795271747248639e-05
4055,7.304872151837067e-05
4056,7.403961238392189e-05
4057,7.435016093775485e-05
4058,7.20923189621862e-05
4059,7.140536456058299e-05
4060,8.07168126822373e-05
4061,9.381204571586881e-05
4062,0.00011565314056461595
4063,0.00013470272529272703
4064,0.00013869886592868404
4065,0.00015203046470039597
4066,0.0001481974735381121
4067,0.0001532132379750673
4068,0.0001471677448821402
4069,0.00014224046382743294
4070,0.00014552875937248245
4071,0.00013814624019700293
4072,0.00013765973536417146
4073,0.00011461354869150672
4074,0.00010502746818532811
4075,9.376866074071e-05
4076,8.188842668228552e-05
4077,7.593704054306999e-05
4078,7.638349939629919e-05
4079,7.347751884247193e-05
4080,7.173535397670231e-05
4081,7.062375402836746e-05
4082,7.559064172115642e-05
4083,7.019341900894412e-05
4084,7.725475756579225e-05
4085,9.69091837653072e-05
4086,0.00011966744797244963
4087,0.0001296371175602602
4088,0.00014428410484463523
4089,0.00014785283208228092
4090,0.00014930193418673726
4091,0.00014647072955971537
4092,0.00014632715275078473
4093,0.00014267642241831991
4094,0.00013649993965102726
4095,0.00013326891227318738
4096,0.0001276441545874586
4097,0.00011490210820223387
4098,0.00010367653694364882
4099,9.277695709334568e-05
4100,8.281967693641589e-05
4101,7.81437211985653e-05
4102,7.691953998557783e-05
4103,7.852003917803142e-05
4104,7.2933877644887e-05
4105,7.129669343546368e-05
4106,7.173528807547423e-05
4107,6.857888285490749e-05
4108,7.380282927139692e-05
4109,9.25917307082626e-05
4110,0.00011196943765103045
4111,0.0001240866744927402
4112,0.0001365603930442612
4113,0.00013907463473124943
4114,0.00013803989758194276
4115,0.00014224694411486174
4116,0.0001403530306878784
4117,0.0001383398580051294
4118,0.0001379675380335007
4119,0.00012738039590556906
4120,0.00012446261903191382
4121,0.00011206659802831015
4122,0.00010558182931601558
4123,8.74454159384624e-05
4124,7.928003410743365e-05
4125,7.672502152733415e-05
4126,7.459992659221343e-05
4127,7.242588901169838e-05
4128,7.069501522300806e-05
4129,6.988396880891262e-05
4130,6.862984647129658e-05
4131,6.672444426354967e-05
4132,7.151834123260413e-05
4133,7.574783811722552e-05
4134,7.837059715980085e-05
4135,8.163991315116064e-05
4136,8.696235993656758e-05
4137,9.17802669197226e-05
4138,9.215618949182019e-05
4139,9.136623147071334e-05
4140,9.102086510137317e-05
4141,9.038039303264897e-05
4142,8.584458723986837e-05
4143,8.284098500016478e-05
4144,8.013694777627926e-05
4145,7.822251710028411e-05
4146,7.555138655629122e-05
4147,7.241222549040785e-05
4148,7.043540831848814e-05
4149,6.930805797663994e-05
4150,7.035913863051276e-05
4151,6.787073022493554e-05
4152,6.744065881042455e-05
4153,6.716064449227297e-05
4154,6.591884568430962e-05
4155,6.511315923676547e-05
4156,6.740188692123199e-05
4157,6.764372246124381e-05
4158,6.799093406497048e-05
4159,7.15716553261284e-05
4160,7.565781703965549e-05
4161,8.013332320873435e-05
4162,8.610777477778114e-05
4163,8.855413819983735e-05
4164,8.951117780122668e-05
4165,9.020590854774444e-05
4166,9.046107810290634e-05
4167,8.958380095458113e-05
4168,8.955823127808247e-05
4169,8.471174512901271e-05
4170,8.311355247954226e-05
4171,8.012835864955163e-05
4172,7.721602961075174e-05
4173,7.430251434984628e-05
4174,6.971512986254775e-05
4175,6.772304557278734e-05
4176,6.80563080832351e-05
4177,6.885369097604002e-05
4178,6.770336307266466e-05
4179,6.550863250652956e-05
4180,6.72959616806164e-05
4181,7.058597065759624e-05
4182,7.405132083544576e-05
4183,7.36128579978914e-05
4184,7.670529509305942e-05
4185,8.368416924649176e-05
4186,9.268315767869853e-05
4187,9.062618264634615e-05
4188,9.033303201672876e-05
4189,8.937285112346718e-05
4190,9.083005907897852e-05
4191,8.752917639936394e-05
4192,8.468676856356686e-05
4193,8.348912357842336e-05
4194,7.876664157354171e-05
4195,7.355541409407353e-05
4196,6.993651405477585e-05
4197,6.775173457408223e-05
4198,6.710247567494611e-05
4199,6.65581095638522e-05
4200,6.703642067732457e-05
4201,6.775204211314665e-05
4202,6.479872251047522e-05
4203,6.320872358036387e-05
4204,6.967435896943649e-05
4205,8.709901711654883e-05
4206,0.00011383742992829862
4207,0.0001286476325875749
4208,0.00012864352474435732
4209,0.00013827661479323965
4210,0.00014477746340518802
4211,0.00014249820353049033
4212,0.0001417102445133022
4213,0.00014397494021659214
4214,0.00014483442403333326
4215,0.00013609337300786814
4216,0.00012969010214764404
4217,0.00011733751005335123
4218,9.778208946550248e-05
4219,8.850668931561304e-05
4220,8.299266766015039e-05
4221,7.6419503433912e-05
4222,7.388026321440188e-05
4223,7.287219409539539e-05
4224,7.011635850623165e-05
4225,6.788795241254288e-05
4226,6.6076261751139e-05
4227,6.482793872159482e-05
4228,7.029073315575603e-05
4229,8.69417108850996e-05
4230,0.00011217373145810737
4231,0.00012880909059639377
4232,0.00013339594787386758
4233,0.00014456025295740558
4234,0.00014771683391458053
4235,0.00014492578510254107
4236,0.00014587643228480574
4237,0.00014794535740651833
4238,0.00014086692846451902
4239,0.000130149653378187
4240,0.00012661745738797885
4241,0.00011079134336355345
4242,0.00010082066329024548
4243,9.199809244563388e-05
4244,8.39698950044111e-05
4245,7.680785937104245e-05
4246,7.548533155866967e-05
4247,7.382749829777836e-05
4248,7.128307384832522e-05
4249,7.167283567832156e-05
4250,6.820537666117319e-05
4251,6.677518820917845e-05
4252,7.418077281448925e-05
4253,8.952394067239999e-05
4254,0.00011385559670017525
4255,0.00012537899757557203
4256,0.00013271505638524857
4257,0.00014995905729909203
4258,0.00015002405787706416
4259,0.00014787699586591365
4260,0.0001434898852107786
4261,0.00014616725440436397
4262,0.00014214978373758202
4263,0.00013655617536566348
4264,0.00012680009165809043
4265,0.0001125763879617332
4266,0.00010387707438072468
4267,9.764150017891192e-05
4268,8.750086083836156e-05
4269,7.970643702024767e-05
4270,7.747080375854511e-05
4271,7.600164571367356e-05
4272,7.386365610492338e-05
4273,7.487813961013057e-05
4274,7.598099666220558e-05
4275,6.86546473001342e-05
4276,7.384805948094223e-05
4277,8.929469226695322e-05
4278,0.00011191799075896869
4279,0.00012981860954241824
4280,0.00014052870139488852
4281,0.00015951034195683947
4282,0.00017108103794692835
4283,0.00016252400511736472
4284,0.0001650724495417313
4285,0.00016652126607419928
4286,0.00016355891800327958
4287,0.00016228966035027902
4288,0.00015304417935794215
4289,0.00013788546903745343
4290,0.00012671703414362184
4291,0.0001176376462131461
4292,0.00010935217037746254
4293,0.0001022307079335209
4294,9.655085682110947e-05
4295,9.436649471486041e-05
4296,8.753479997082757e-05
4297,8.82548807230837e-05
4298,9.125637412348842e-05
4299,8.741872594108622e-05
4300,9.044510803863269e-05
4301,0.0001087494377453575
4302,0.00013087922390728798
4303,0.00014620765185718274
4304,0.000162751430255501
4305,0.00016441802837972817
4306,0.00016636189493760323
4307,0.00016618229212398376
4308,0.00016830299364389853
4309,0.00017251744308143953
4310,0.00017295931081577848
4311,0.0001590307787200334
4312,0.00014849916936030504
4313,0.00013231422314893322
4314,0.00011790030654123413
4315,0.00011122293050631049
4316,0.00010256038981057581
4317,9.450552433905288e-05
4318,8.95496860855069e-05
4319,8.691047370298525e-05
4320,8.323962152887716e-05
4321,8.234870282633746e-05
4322,8.255659923388326e-05
4323,7.844996420549643e-05
4324,8.16732372054978e-05
4325,8.23010782055049e-05
4326,8.815998295463505e-05
4327,9.488608196419276e-05
4328,0.00010554285972313875
4329,0.00011601232422477885
4330,0.0001232707074536141
4331,0.000121346721099546
4332,0.00012387139714764838
4333,0.00012586963221869712
4334,0.00011648112359433034
4335,0.00011527677865099778
4336,0.00011095554725687604
4337,0.00010607760425493163
4338,0.00010268586574885791
4339,9.767152917184462e-05
4340,9.462465179236236e-05
4341,9.061091552850545e-05
4342,8.628862971473431e-05
4343,8.27524796508408e-05
4344,8.183335522267885e-05
4345,8.159578129541681e-05
4346,8.02153922047816e-05
4347,7.728006363737855e-05
4348,7.867068938544365e-05
4349,8.188688898696344e-05
4350,8.582668407290409e-05
4351,8.774730946433964e-05
4352,9.467539573799115e-05
4353,0.00010337938830619402
4354,0.00011391466616761933
4355,0.00011302607597513878
4356,0.00011051556869107562
4357,0.00011192844708715887
4358,0.00011030279559265118
4359,0.00010585099189860845
4360,0.00010498098585244909
4361,9.935433899818179e-05
4362,9.469213464992583e-05
4363,8.845174965846256e-05
4364,8.366040087022754e-05
4365,8.263493382700546e-05
4366,8.240843130606241e-05
4367,7.896937571822054e-05
4368,8.040158514120999e-05
4369,7.766407009345511e-05
4370,7.801574101361582e-05
4371,7.78224527116298e-05
4372,8.285614228262532e-05
4373,0.00010317021780823848
4374,0.0001326891791696855
4375,0.0001421634911930246
4376,0.00014258637937367385
4377,0.00015676357877007606
4378,0.00015638787586873875
4379,0.00015077197091464999
4380,0.00015362894292185483
4381,0.0001560055608775165
4382,0.00015726537268782428
4383,0.00014610414299493044
4384,0.00013163190380037227
4385,0.00012033997000510128
4386,0.00011214690965827501
4387,0.0001052867675507836
4388,9.706484246605421e-05
4389,9.08706103013295e-05
4390,8.557410663271372e-05
4391,8.261377953278879e-05
4392,7.983918406069562e-05
4393,8.178847648635002e-05
4394,7.984414861987836e-05
4395,7.760286981963614e-05
4396,8.406237639449646e-05
4397,0.00010045038625668755
4398,0.000125328802806844
4399,0.00013940455824614067
4400,0.00014812170909288538
4401,0.00015200392847255202
4402,0.00015691996238433202
4403,0.00015162457903659376
4404,0.00015444045064454687
4405,0.0001590925281707531
4406,0.00015652222650573689
4407,0.00013895671546712159
4408,0.00013327811647804384
4409,0.00012189791897128519
4410,0.00011277037921015216
4411,0.0001068528882692506
4412,9.375640311228539e-05
4413,8.520339025763519e-05
4414,8.32298461800439e-05
4415,8.208377988941832e-05
4416,7.555406653956684e-05
4417,7.417380925138781e-05
4418,7.437779551940032e-05
4419,7.441544708771536e-05
4420,7.811081451867269e-05
4421,0.00010069547292395179
4422,0.00012430107315479082
4423,0.00013624791138773762
4424,0.0001416948455930053
4425,0.00015054612740598785
4426,0.0001511672245136538
4427,0.0001471021511931153
4428,0.00014788839677837311
4429,0.0001473668324921981
4430,0.00014980588087793638
4431,0.0001450470653293015
4432,0.00013296304270654874
4433,0.0001198820223711085
4434,0.00011298684277734961
4435,0.0001018891638354099
4436,9.263454453944463e-05
4437,9.049646706239032e-05
4438,8.62159626272278e-05
4439,8.336933711283299e-05
4440,7.996342984272005e-05
4441,8.003403202507974e-05
4442,8.210403353351779e-05
4443,7.562084645069737e-05
4444,8.155268189224638e-05
4445,0.00010063341593416767
4446,0.00012807167782115017
4447,0.0001413233384031897
4448,0.00014033822487863432
4449,0.00015141206954308168
4450,0.000144134179550732
4451,0.00014564931468573388
4452,0.00014151796669681355
4453,0.0001450432210909963
4454,0.00014226570399779117
4455,0.000136415651980301
4456,0.00012573949926029672
4457,0.00011011814035154489
4458,0.00010058236444947446
4459,8.862880429126257e-05
4460,8.094081095651296e-05
4461,7.585224762959504e-05
4462,7.426003002480469e-05
4463,7.110957788184203e-05
4464,6.734466268817442e-05
4465,7.270794626792073e-05
4466,6.926805593118972e-05
4467,6.807383780990687e-05
4468,7.566249602684982e-05
4469,0.00010142297854790597
4470,0.00012746512291781593
4471,0.00013722322759638373
4472,0.0001408805700187335
4473,0.00015795707197784991
4474,0.00015262460820577336
4475,0.00015747137992683152
4476,0.00015124619615198084
4477,0.0001513121193471462
4478,0.00015322154152980658
4479,0.00014657766528582833
4480,0.00013554562396706562
4481,0.00012091976900983124
4482,0.00010560153378321429
4483,9.593698688145732e-05
4484,9.044936965138248e-05
4485,8.764788647822886e-05
4486,8.153475675820609e-05
4487,7.876336847921328e-05
4488,7.785858855169879e-05
4489,7.630782281937661e-05
4490,7.686910357901346e-05
4491,7.34077074748493e-05
4492,7.611220600733144e-05
4493,8.19798097185694e-05
4494,8.5354479806568e-05
4495,8.901821464804244e-05
4496,9.891638140337611e-05
4497,0.00010925441688913004
4498,0.00011261702705238828
4499,0.00011285446917719417
4500,0.00011288410276275832
4501,0.00011277723293787347
4502,0.00011034675171178679
4503,0.00010722503250427106
4504,0.00010550674585014581
4505,9.943223424978337e-05
4506,9.698321281152756e-05
4507,9.197302801188389e-05
4508,8.726462690273733e-05
4509,8.440578769406998e-05
4510,8.142562432449015e-05
4511,8.072656606399453e-05
4512,7.864883214479401e-05
4513,7.801523577086714e-05
4514,7.797725469641164e-05
4515,7.577092551413281e-05
4516,7.688665527276126e-05
4517,7.968365716240479e-05
4518,8.301981896612319e-05
4519,8.610533643234183e-05
4520,9.172857838982453e-05
4521,9.884439529522651e-05
4522,0.00010824612809936324
4523,0.00010554332103173538
4524,0.00010552609884412804
4525,0.00010415128939080438
4526,0.00010484316441743827
4527,0.0001063210214244176
4528,9.785198870142925e-05
4529,9.642439236440603e-05
4530,9.573438453923469e-05
4531,8.966586995062838e-05
4532,8.960385689499633e-05
4533,8.701986974161354e-05
4534,8.158760954313373e-05
4535,7.686090985965437e-05
4536,7.924857725455901e-05
4537,8.110448764001084e-05
4538,8.293979290814672e-05
4539,8.073695649095661e-05
4540,8.459397963441708e-05
4541,0.00010034907410203821
4542,0.00012114049418977845
4543,0.00013607615082026077
4544,0.0001438097258377722
4545,0.00015693083608696675
4546,0.0001402518283686092
4547,0.00013457254840017454
4548,0.00013545979860101728
4549,0.0001405389380523184
4550,0.00014125506473088918
4551,0.00012554238868708154
4552,0.00011537053413149286
4553,0.0001104884832863309
4554,9.94127055191929e-05
4555,9.076378441059668e-05
4556,8.267867027538075e-05
4557,7.645772614620381e-05
4558,7.422885874391843e-05
4559,7.150957636926825e-05
4560,6.917959451601779e-05
4561,6.835787210297189e-05
4562,6.801298900930438e-05
4563,6.766905049990614e-05
4564,7.589829062095346e-05
4565,8.795377801194353e-05
4566,0.00010706462891510163
4567,0.00011759327271956595
4568,0.00012586723780740988
4569,0.00013530110844377815
4570,0.00013891840488652565
4571,0.00013300851455393039
4572,0.00013244771706996618
4573,0.00013333626332829467
4574,0.00013175327189543683
4575,0.00011955284573680228
4576,0.00011781410773489329
4577,0.0001079106029800844
4578,9.725303440640131e-05
4579,8.821518621669789e-05
4580,8.013178551341226e-05
4581,7.803964119233621e-05
4582,7.612141021218792e-05
4583,7.175272993384186e-05
4584,6.80542431780883e-05
4585,6.726645989750841e-05
4586,6.775248145466726e-05
4587,6.676196402940853e-05
4588,7.219033605543108e-05
4589,8.648125900443941e-05
4590,0.0001042924937555238
4591,0.00011914588368627461
4592,0.00012933008373859203
4593,0.00015074864187990638
4594,0.0001489961085542507
4595,0.00015325319608636547
4596,0.0001544179563586924
4597,0.0001434404373226356
4598,0.00014022711540807569
4599,0.00013258351753398225
4600,0.00012350248207280428
4601,0.00011057960271770242
4602,9.991592729688306e-05
4603,8.854981068585949e-05
4604,8.086186128526194e-05
4605,7.558102014185538e-05
4606,7.335522813021417e-05
4607,7.225625925059643e-05
4608,7.071871769804419e-05
4609,6.82872699206122e-05
4610,6.710111371623228e-05
4611,6.612186540097683e-05
4612,7.039619708777498e-05
4613,8.550185691965177e-05
4614,0.00010640765957227905
4615,0.00011727604617461991
4616,0.00012115218067422628
4617,0.00013385411517862067
4618,0.0001434939271527681
4619,0.00013974772790787784
4620,0.0001417581986402752
4621,0.00014406702619930897
4622,0.00013879765186958996
4623,0.00012951241046963918
4624,0.00012708096269220718
4625,0.00010927902001428338
4626,9.92489409673909e-05
4627,9.313879876970819e-05
4628,8.16470524508703e-05
4629,7.809486642147508e-05
4630,7.326900735679728e-05
4631,7.293034094564621e-05
4632,6.901402866398136e-05
4633,6.95688071691134e-05
4634,6.915615564589403e-05
4635,6.619585051304512e-05
4636,7.107087189387755e-05
4637,8.793717090246501e-05
4638,0.00010666546517656453
4639,0.00012013273260983636
4640,0.0001248374212831339
4641,0.0001385401538043689
4642,0.00014066926871440308
4643,0.00013995424038963379
4644,0.0001336380030846397
4645,0.000137496366219738
4646,0.00013150212231518836
4647,0.00012485945426039176
4648,0.00011568758493983065
4649,0.00010611953940307248
4650,9.469789002384563e-05
4651,8.742619474693635e-05
4652,8.218981496541406e-05
4653,7.644744555462188e-05
4654,7.30480844731658e-05
4655,7.065246499673838e-05
4656,6.890127166272051e-05
4657,6.86356897135205e-05
4658,6.827854899142837e-05
4659,6.335996689882888e-05
4660,6.32820716472273e-05
4661,6.886107191358601e-05
4662,7.525067925251959e-05
4663,8.137380399213591e-05
4664,9.098653056153863e-05
4665,0.00010149257024476831
4666,0.00010841006838777346
4667,0.00010531945455991591
4668,0.00010550030949686908
4669,0.00010478857623350427
4670,0.00010066950784008458
4671,9.767893207646665e-05
4672,9.678564092971573e-05
4673,9.228003986647608e-05
4674,8.840658535014533e-05
4675,8.466563623642622e-05
4676,7.948784264667536e-05
4677,7.653261190838933e-05
4678,7.252269791576161e-05
4679,6.966111282259053e-05
4680,6.881948823866165e-05
4681,6.715264847659813e-05
4682,6.733824830197372e-05
4683,6.42465361203147e-05
4684,6.524515939662839e-05
4685,6.815182092981258e-05
4686,7.154896333658964e-05
4687,7.340518126110588e-05
4688,7.877674642851541e-05
4689,8.742391017102925e-05
4690,9.577864819743468e-05
4691,9.442341140885357e-05
4692,9.536149342362921e-05
4693,9.510645567092349e-05
4694,9.684987266002681e-05
4695,9.285269957149637e-05
4696,8.705051381267508e-05
4697,8.22670072705827e-05
4698,8.113594449288546e-05
4699,7.683619689912086e-05
4700,7.236033925682553e-05
4701,6.986835021785545e-05
4702,6.829946164780872e-05
4703,6.506114120072694e-05
4704,6.461033286644383e-05
4705,6.444094474317823e-05
4706,6.6214939902115e-05
4707,6.511797002641598e-05
4708,6.929889770593552e-05
4709,8.716177705276591e-05
4710,0.00010433763609676498
4711,0.00012071958304597188
4712,0.000132142923890053
4713,0.00014462198044104925
4714,0.00014411981308300854
4715,0.00014188791422423103
4716,0.00014982754041490174
4717,0.00014300678527473173
4718,0.0001428581121041622
4719,0.0001326817323309114
4720,0.00012807631287419245
4721,0.00010244321742703298
4722,9.229466993911191e-05
4723,8.39189972892501e-05
4724,7.927966066714115e-05
4725,7.348026472697566e-05
4726,6.970922071909574e-05
4727,6.863847953217627e-05
4728,6.876533939624824e-05
4729,6.784647857299867e-05
4730,6.631311076489208e-05
4731,6.474255269706708e-05
4732,6.847759266733418e-05
4733,8.836768165849659e-05
4734,0.00011297309138775497
4735,0.00012236168788042585
4736,0.00012968434677372424
4737,0.00013944119932895834
4738,0.0001350355704287302
4739,0.00012323046377032753
4740,0.00012246383478396435
4741,0.00012721289695084202
4742,0.00012616790117702946
4743,0.00012098703219663442
4744,0.00011758705603704952
4745,0.00010269300504856758
4746,9.417041659421861e-05
4747,8.541636105974388e-05
4748,7.999321719781642e-05
4749,7.452407427868262e-05
4750,7.140516685689871e-05
4751,6.911786703237413e-05
4752,6.821851297263899e-05
4753,6.675746077882243e-05
4754,6.756215870794524e-05
4755,6.678863205970869e-05
4756,7.107891184370445e-05
4757,8.504762172150802e-05
4758,0.00010245534325300142
4759,0.00011318256942477493
4760,0.0001188846512181285
4761,0.00012840001970656725
4762,0.00012804483405424175
4763,0.0001300154784777971
4764,0.00012741543339183655
4765,0.00013016621655351343
4766,0.00012835692030339682
4767,0.0001237726990750466
4768,0.0001198842410457875
4769,0.00010526939159364405
4770,9.508011714676377e-05
4771,8.64525480360685e-05
4772,8.038605441845695e-05
4773,7.689950601223869e-05
4774,7.176386724138896e-05
4775,6.94746782483258e-05
4776,6.899625729947327e-05
4777,6.812515289951243e-05
4778,6.751036034266704e-05
4779,6.438528017251877e-05
4780,6.838394702221924e-05
4781,8.466084741385172e-05
4782,0.00010416310767770841
4783,0.00011343435605022824
4784,0.00012922780503259735
4785,0.00013663464176124187
4786,0.00013764492955492736
4787,0.00013615125625320658
4788,0.00013693761167384453
4789,0.00013928811077610682
4790,0.00014135330149489433
4791,0.00013225062846382703
4792,0.00012951016982788412
4793,0.00011416955015079284
4794,0.00010771221831645948
4795,9.806564048289486e-05
4796,9.435880623824998e-05
4797,8.972656498169866e-05
4798,8.468006860537778e-05
4799,8.382451689524601e-05
4800,8.030027298656066e-05
4801,7.992237337762039e-05
4802,8.00702117993008e-05
4803,7.858420500711441e-05
4804,8.173373453288382e-05
4805,9.65413670442646e-05
4806,0.00011080961997081022
4807,0.0001178546809243203
4808,0.00012325855966056966
4809,0.00013381824294346402
4810,0.00013408079343617192
4811,0.00013277493863450576
4812,0.0001352712551874537
4813,0.00013385418107984874
4814,0.00013155449182444338
4815,0.00012508606661671494
4816,0.0001222117406194466
4817,0.00011227427476509566
4818,0.00010343287813632653
4819,0.00010000748606977518
4820,9.37347875094721e-05
4821,8.807154350653916e-05
4822,8.308293037555675e-05
4823,8.20011397493943e-05
4824,6.929050628289215e-05
4825,6.646846192657467e-05
4826,6.389629306009591e-05
4827,6.324870365873806e-05
4828,6.363409404060448e-05
4829,6.644284831592395e-05
4830,7.043606733076903e-05
4831,7.892091634849884e-05
4832,9.105656159992156e-05
4833,0.00010047707625406373
4834,0.00010367502121540277
4835,0.00010008331641622997
4836,0.00010079070019854087
4837,9.865481942908953e-05
4838,9.674491397075652e-05
4839,9.344996240166999e-05
4840,9.187707582378582e-05
4841,8.66518772839627e-05
4842,8.533877334720671e-05
4843,8.26152732939588e-05
4844,7.878318278179214e-05
4845,7.408473275808705e-05
4846,6.903379903240817e-05
4847,6.826427039200902e-05
4848,6.825699928984315e-05
4849,6.743246509106543e-05
4850,6.631376977717297e-05
4851,6.37048499924964e-05
4852,6.349433950290303e-05
4853,6.65267625463577e-05
4854,7.209506484668991e-05
4855,7.542107786128256e-05
4856,8.310513908942285e-05
4857,8.685603928858346e-05
4858,9.460345356399363e-05
4859,9.693202952437817e-05
4860,9.475388410064554e-05
4861,9.650496759928326e-05
4862,9.658683889164624e-05
4863,9.24767989664748e-05
4864,9.285226022997576e-05
4865,8.952211740508952e-05
4866,8.5420139396821e-05
4867,8.057440012833626e-05
4868,7.63062631569785e-05
4869,7.362019500128535e-05
4870,7.037095691741677e-05
4871,6.943355588199805e-05
4872,6.861490885959632e-05
4873,6.938287783759737e-05
4874,6.82416882378504e-05
4875,6.839820365456257e-05
4876,7.139110792823966e-05
4877,8.84150426744168e-05
4878,0.00010390169947295404
4879,0.00011178561715881326
4880,0.00011695457998400014
4881,0.00013261174522668053
4882,0.0001372756630068668
4883,0.00012544880894319467
4884,0.00012847380711495125
4885,0.00012766122300553374
4886,0.00012618758367715215
4887,0.00012362165346026583
4888,0.0001232903899537368
4889,0.00012015226134042684
4890,0.00011205923905784017
4891,0.00010124555047481345
4892,8.808795291233342e-05
4893,7.613639175804022e-05
4894,7.306003456252601e-05
4895,6.985365424399154e-05
4896,6.915663892156668e-05
4897,6.788760093932641e-05
4898,6.678722616684278e-05
4899,6.561222923708599e-05
4900,6.897914494724608e-05
4901,8.483680369285024e-05
4902,9.927411523652103e-05
4903,0.00011060545796618947
4904,0.00011866682569221723
4905,0.00012295249239024675
4906,0.00012161491713079356
4907,0.00012416938053399232
4908,0.00012382682595038396
4909,0.00012715422289076648
4910,0.00012747224025044956
4911,0.0001218043831615504
4912,0.00011987984763058155
4913,0.00010618427637613225
4914,9.821257825445804e-05
4915,8.934075722538767e-05
4916,8.208017728894944e-05
4917,7.670268101101188e-05
4918,7.172171242248782e-05
4919,7.013887475916217e-05
4920,6.969874242382954e-05
4921,6.866183053399593e-05
4922,6.807462862464394e-05
4923,6.855214892337925e-05
4924,7.230520189599078e-05
4925,8.550668967637832e-05
4926,0.00010498504976151461
4927,0.00011230221688580555
4928,0.00011839766310962434
4929,0.00013407488429271992
4930,0.00012840008560779532
4931,0.00012402648470441862
4932,0.00012253874251322587
4933,0.0001234736393019772
4934,0.00012899130749206077
4935,0.00012209472200543596
4936,0.00011403535328332694
4937,0.00010412824592804914
4938,9.626754744155342e-05
4939,8.608049166935215e-05
4940,8.125748832455824e-05
4941,7.502551672321435e-05
4942,7.268556181744639e-05
4943,7.045955013504487e-05
4944,6.95822290525676e-05
4945,6.90143581701218e-05
4946,6.759904142859925e-05
4947,6.65481584784107e-05
4948,6.909532881236757e-05
4949,8.508340608836053e-05
4950,0.0001028189422954463
4951,0.0001085211998254081
4952,0.000117292345745034
4953,0.00012925539568009077
4954,0.00013015835234029478
4955,0.00012825150030552993
4956,0.0001280673722742483
4957,0.0001309548565500585
4958,0.00013125521238061365
4959,0.00012217837263095736
4960,0.00011585475438841726
4961,0.00010347127658522658
4962,9.586609912710924e-05
4963,8.879232720522824e-05
4964,8.191252456469017e-05
4965,7.858607220857694e-05
4966,7.245523702527416e-05
4967,6.899663073976578e-05
4968,6.701823193837191e-05
4969,6.831901234547522e-05
4970,6.824221544767512e-05
4971,6.876613021098532e-05
4972,6.974819031197256e-05
4973,8.569185016023333e-05
4974,9.859796863632446e-05
4975,0.00010767322675650662
4976,0.00011595534162955762
4977,0.00012495711988042016
4978,0.0001242646078085814
4979,0.0001200627455056055
4980,0.00012650990658373705
4981,0.00012845792491898174
4982,0.00012420224327973285
4983,0.00011359043212541981
4984,0.00010888154774060059
4985,0.00010237019886631
4986,9.486532307734462e-05
4987,8.304650896349937e-05
4988,8.101560885039435e-05
4989,7.465730459480322e-05
4990,6.933872401477751e-05
4991,7.11741830524456e-05
4992,6.625821504189366e-05
4993,6.575248901753612e-05
4994,6.414012760402645e-05
4995,6.394951928531606e-05
4996,6.571119091460012e-05
4997,7.014344391097636e-05
4998,7.163990703135294e-05
4999,7.65839269979949e-05
5000,8.421434462647046e-05
5001,9.454800866409447e-05
5002,9.860078042205628e-05
5003,9.968848019167074e-05
5004,9.860515187018621e-05
5005,9.538666769275933e-05
5006,9.38950153620333e-05
5007,9.203653482868599e-05
5008,8.956211945053974e-05
5009,8.894664591433742e-05
5010,8.430919846076703e-05
5011,7.817164135219915e-05
5012,7.671337897703837e-05
5013,7.265843247854962e-05
5014,6.931442842868857e-05
5015,6.611639559904541e-05
5016,6.498221349655195e-05
5017,6.450234272068145e-05
5018,6.45031115683425e-05
5019,6.367049348558583e-05
5020,6.364538511768379e-05
5021,6.5983297085381e-05
5022,6.982199968743261e-05
5023,7.150632524201584e-05
5024,7.773240966698375e-05
5025,8.281078027062383e-05
5026,9.254795032573524e-05
5027,9.243027269944372e-05
5028,9.206632218378236e-05
5029,9.798836030942211e-05
5030,9.178582458995814e-05
5031,9.031227312988062e-05
5032,8.574540589159392e-05
5033,8.462479944208685e-05
5034,8.167097459666674e-05
5035,7.697715962600395e-05
5036,7.396817545267305e-05
5037,7.024071412363622e-05
5038,6.822563030527263e-05
5039,6.553418021595219e-05
5040,6.438477492977008e-05
5041,6.484074552692018e-05
5042,6.615477208086943e-05
5043,6.523555978440338e-05
5044,6.881160205836696e-05
5045,8.307842712497064e-05
5046,0.00010058205691041004
5047,0.0001083377967076355
5048,0.0001161638091810802
5049,0.00012707432863524618
5050,0.00012639967579621962
5051,0.0001269120578446142
5052,0.0001270857734818577
5053,0.0001264062878861046
5054,0.00012430401674297882
5055,0.00011595723079809616
5056,0.00010932666660219197
5057,0.00010284350148644759
5058,9.414526429216452e-05
5059,8.471684149065162e-05
5060,7.972844803042952e-05
5061,7.456921661992382e-05
5062,7.209961203142808e-05
5063,6.898549343221869e-05
5064,6.798379476526081e-05
5065,6.795541330303033e-05
5066,6.657761632736663e-05
5067,6.615255340619043e-05
5068,6.833548765249755e-05
5069,8.383003063132949e-05
5070,0.00010111089229875092
5071,0.00010838777180560324
5072,0.00011665655266350414
5073,0.00012170594869386096
5074,0.0001246547870130223
5075,0.0001269069614829753
5076,0.00012796531323901398
5077,0.000129626639264994
5078,0.00012557169276650523
5079,0.00011737751209880146
5080,0.00011101534163782909
5081,0.00010294446216788045
5082,9.292749746537774e-05
5083,8.376929166610716e-05
5084,7.840903954285296e-05
5085,7.428707149539735e-05
5086,7.114485700594585e-05
5087,6.761053020936282e-05
5088,6.68477454613048e-05
5089,6.625527145370567e-05
5090,6.717121065584328e-05
5091,6.818334368391532e-05
5092,7.061835012766413e-05
5093,8.408216872999929e-05
5094,0.00010120651498070854
5095,0.00010992349009084502
5096,0.00011984276720624329
5097,0.00012965763480927203
5098,0.00012772806881789238
5099,0.00012690803786970077
5100,0.00012644850860623382
5101,0.0001255333602188333
5102,0.00012270668080947354
5103,0.00011665277432642703
5104,0.00011242554005063673
5105,0.00010290744764477027
5106,9.544734075675357e-05
5107,8.850622800701641e-05
5108,8.188172672409644e-05
5109,7.578658803934204e-05
5110,7.223971804234601e-05
5111,6.988544060300662e-05
5112,6.836077175700782e-05
5113,6.778011603631271e-05
5114,6.805905396773883e-05
5115,6.764249230498615e-05
5116,6.956406228069098e-05
5117,8.356572277253921e-05
5118,0.0001001509969774777
5119,0.00010736474310782045
5120,0.0001143920766309745
5121,0.0001249114063952022
5122,0.00012473549405035572
5123,0.0001258088932534748
5124,0.0001235286668274318
5125,0.0001259584451070855
5126,0.00012397266536814567
5127,0.00011571568083007272
5128,0.00011041799093935134
5129,0.0001024640422151092
5130,9.377134072398563e-05
5131,8.593933123878479e-05
5132,7.992529499873234e-05
5133,7.304461367515311e-05
5134,6.85967420877197e-05
5135,6.657484847578688e-05
5136,6.590933394038872e-05
5137,6.574132974291298e-05
5138,6.553606938449074e-05
5139,6.662792093147483e-05
5140,6.876164892747525e-05
5141,8.437400133505489e-05
5142,0.00010055745378525669
5143,0.00011070488095230025
5144,0.00011596940055821667
5145,0.00012625959175237774
5146,0.00012631494878397278
5147,0.00012787860918992444
5148,0.00012653743133000237
5149,0.00012691873583572724
5150,0.00012231026295544015
5151,0.00011287232841000636
5152,0.00010858191682355441
5153,0.0001002609861271588
5154,9.468163438758361e-05
5155,8.704456073507101e-05
5156,9.051748955415081e-05
5157,7.324233932649713e-05
5158,7.011029559324743e-05
5159,6.75245071396302e-05
5160,6.57503362440852e-05
5161,6.479736055176136e-05
5162,6.496011461806599e-05
5163,6.355470502783288e-05
5164,6.25533138999394e-05
5165,6.596695358081484e-05
5166,7.080950762327526e-05
5167,7.660433441162656e-05
5168,8.448065148917945e-05
5169,9.460160832960712e-05
5170,0.00010121369821457028
5171,9.930563799062378e-05
5172,0.00010132597194015847
5173,0.00010267007142119249
5174,9.513784662257003e-05
5175,9.526637598442027e-05
5176,9.199905899697919e-05
5177,8.840961680663744e-05
5178,8.380468062559112e-05
5179,8.074772035821121e-05
5180,8.118209731962404e-05
5181,7.419210782572061e-05
5182,7.052771397196526e-05
5183,6.745895738475736e-05
5184,6.715554813063405e-05
5185,6.56818868351764e-05
5186,6.92562376442857e-05
5187,6.455110962946756e-05
5188,6.204020693803586e-05
5189,6.564603656709582e-05
5190,6.876898593086919e-05
5191,7.082404982760696e-05
5192,7.606506466217153e-05
5193,8.226648006075799e-05
5194,9.066337290606456e-05
5195,9.197100704088916e-05
5196,9.280320774920126e-05
5197,9.409443247823161e-05
5198,9.554491850847785e-05
5199,9.138428840720982e-05
5200,8.925969871483779e-05
5201,8.458279839271792e-05
5202,8.029844971925018e-05
5203,7.633919180394713e-05
5204,7.311949943733862e-05
5205,7.179692769081378e-05
5206,6.796382669314974e-05
5207,6.614936818016612e-05
5208,6.554059460215289e-05
5209,6.464501887949487e-05
5210,6.557582979210465e-05
5211,6.613245353162318e-05
5212,6.971985278389415e-05
5213,8.689487707900411e-05
5214,0.00011382115232496057
5215,0.00012071888009953893
5216,0.00012678267176679882
5217,0.00013600385717304678
5218,0.00013794767979676976
5219,0.00013502195084159172
5220,0.00013503157242089278
5221,0.0001358854766003223
5222,0.00013019103934942708
5223,0.00012205221571331835
5224,0.00011455838936359594
5225,0.00010549824459172228
5226,9.913093383495894e-05
5227,9.019815416990593e-05
5228,8.288614930848199e-05
5229,7.728274362065419e-05
5230,7.385392469024218e-05
5231,7.130956614201713e-05
5232,7.003169739521289e-05
5233,6.898755833736547e-05
5234,6.926636446633542e-05
5235,6.706912965353291e-05
5236,7.04039514656135e-05
5237,8.50214149998045e-05
5238,0.00010652542506687468
5239,0.00011800240951062055
5240,0.00012444065195588405
5241,0.00013678838932637427
5242,0.00014308806345604192
5243,0.00014281707760613858
5244,0.00013962442671012272
5245,0.00013744210754194444
5246,0.0001377657265060151
5247,0.0001260946190113941
5248,0.00012164931757185618
5249,0.00011070734126481558
5250,0.00010158667719847988
5251,9.422812410294883e-05
5252,8.591215796573595e-05
5253,7.980335575969106e-05
5254,7.536334838547631e-05
5255,7.227227324902214e-05
5256,7.221702605280725e-05
5257,7.102810199684757e-05
5258,7.150015249365147e-05
5259,7.044773184814084e-05
5260,7.418105838647763e-05
5261,8.914000011755153e-05
5262,0.00010949686750727069
5263,0.00011967333514882561
5264,0.00013315551822672163
5265,0.00013937354073478663
5266,0.0001393183374727238
5267,0.00013710561587132027
5268,0.00013814019925109474
5269,0.00014202048552807074
5270,0.00013662842507872544
5271,0.00012420037607827034
5272,0.00011730427386731819
5273,0.00010919183268952121
5274,9.917561486760351e-05
5275,9.222611069482297e-05
5276,8.554359436410835e-05
5277,7.819679365425323e-05
5278,7.399229530215375e-05
5279,7.064262374667704e-05
5280,7.123380169679042e-05
5281,7.09897474820996e-05
5282,7.095901554273393e-05
5283,7.03959115157866e-05
5284,7.306361519591885e-05
5285,8.906566353226676e-05
5286,0.00010867558443574539
5287,0.00012295761071896166
5288,0.0001323219555596957
5289,0.00014211995244833357
5290,0.00013966242975165422
5291,0.00013388139828704964
5292,0.00013752602177237818
5293,0.00013727906790365142
5294,0.00013504244612352754
5295,0.0001252770923098699
5296,0.00011985425598700686
5297,0.00010840962904625287
5298,9.901800109708986e-05
5299,8.958858977715563e-05
5300,8.340347394898326e-05
5301,7.811068271621652e-05
5302,7.305821129521554e-05
5303,7.026867821142212e-05
5304,6.838829650327313e-05
5305,6.933490174354833e-05
5306,6.922493456094325e-05
5307,6.985090835948781e-05
5308,7.252234644254514e-05
5309,8.716606063259172e-05
5310,0.00010786064984919269
5311,0.00012275318510942854
5312,0.00012792959477338954
5313,0.00014079597480894283
5314,0.00014646282141234464
5315,0.00013845520712136176
5316,0.00013584591389639267
5317,0.00013887822710446717
5318,0.00012976395545725617
5319,0.00011866792404601869
5320,0.00011246510275456633
5321,0.00010269796960775031
5322,9.442732154838686e-05
5323,8.576541789785706e-05
5324,8.255227171990541e-05
5325,7.545347929842649e-05
5326,6.97652587300477e-05
5327,6.669869885044277e-05
5328,6.637428907163501e-05
5329,6.612562177097792e-05
5330,6.549578176705213e-05
5331,6.524193023645202e-05
5332,6.588097444523429e-05
5333,7.040074427251316e-05
5334,7.245877372451496e-05
5335,7.881393668823382e-05
5336,8.671786638035616e-05
5337,9.572755277858942e-05
5338,0.00010246186747458226
5339,0.00010270915084944948
5340,0.00010548379025569468
5341,0.00010151633862103254
5342,9.71594766295905e-05
5343,9.377173613135416e-05
5344,9.06764433163023e-05
5345,8.573347776930975e-05
5346,8.406077279794627e-05
5347,8.049074950281487e-05
5348,7.988509524959785e-05
5349,7.37108311569842e-05
5350,7.005489462750033e-05
5351,6.777284493414686e-05
5352,6.744287748510356e-05
5353,6.629637185295738e-05
5354,6.419335382924661e-05
5355,6.38790269383365e-05
5356,6.403297220715319e-05
5357,6.69166342117342e-05
5358,7.025266421299642e-05
5359,7.073719200898523e-05
5360,7.571025245013856e-05
5361,8.51095029746839e-05
5362,9.194469048380548e-05
5363,9.546348655763545e-05
5364,9.465041917254529e-05
5365,9.325524623974203e-05
5366,9.226534389261215e-05
5367,9.155760863708477e-05
5368,8.6113574085853e-05
5369,8.275812518938045e-05
5370,8.00170295082327e-05
5371,7.679217487875719e-05
5372,7.755034654084894e-05
5373,7.13032835582726e-05
5374,6.988363930277217e-05
5375,6.731845596647089e-05
5376,6.668024650657776e-05
5377,6.708285907605153e-05
5378,6.603239350030754e-05
5379,6.549775880389481e-05
5380,7.070123190552449e-05
5381,9.100162194277109e-05
5382,0.00011052051128318233
5383,0.00012235305481954616
5384,0.00012330730460227972
5385,0.0001351688666460789
5386,0.00013461859139153297
5387,0.00013721079423135085
5388,0.0001325985210469106
5389,0.00013443283779662516
5390,0.00013019703636118324
5391,0.0001230192942684533
5392,0.00011919996662745993
5393,0.00010617603872262108
5394,9.379849202995844e-05
5395,8.777356012019522e-05
5396,8.201897701513049e-05
5397,7.511738303517089e-05
5398,7.41374317734825e-05
5399,6.945224986369939e-05
5400,6.766830361932114e-05
5401,6.622293591778985e-05
5402,6.550184468003635e-05
5403,6.637218023233616e-05
5404,7.085071785790712e-05
5405,8.581706249360306e-05
5406,0.00010572523038833797
5407,0.00012001509891769689
5408,0.00013228208531670165
5409,0.00013428546068354138
5410,0.00014009731195581575
5411,0.0001418853880104876
5412,0.00013707694883710145
5413,0.0001330566224504356
5414,0.00013755670977759179
5415,0.0001330352265183826
5416,0.00012315948814767532
5417,0.00011357448402822219
5418,0.00010208199082879931
5419,9.142532290523345e-05
5420,8.602735331243612e-05
5421,7.741678671858789e-05
5422,7.305144543579837e-05
5423,7.171343083482459e-05
5424,6.912746664459913e-05
5425,6.815814744770916e-05
5426,6.720141538538423e-05
5427,6.683324719112516e-05
5428,7.227203161118581e-05
5429,8.772848368018211e-05
5430,0.00010681321572994082
5431,0.00011984283310747136
5432,0.00013025904941681529
5433,0.00013360927014919273
5434,0.00013576806257894314
5435,0.0001396802450503144
5436,0.00014233281341506212
5437,0.0001396336309149792
5438,0.00013624839466341027
5439,0.00012822636997055184
5440,0.0001223732425624175
5441,0.00011137448136383992
5442,0.00010204763432188874
5443,9.551989800887994e-05
5444,8.573864003217675e-05
5445,7.83817784015e-05
5446,7.357828182022053e-05
5447,7.26885932739385e-05
5448,7.153703521430547e-05
5449,6.996362142659659e-05
5450,6.845118824194639e-05
5451,6.770432962400997e-05
5452,7.419046029501837e-05
5453,9.44272776142348e-05
5454,0.00011000966693010984
5455,0.00012207728014706833
5456,0.00012839753742697587
5457,0.00014639371299115497
5458,0.0001391243242572288
5459,0.00013909374608739536
5460,0.00014638442091799436
5461,0.00014455581560804756
5462,0.0001400466778455671
5463,0.0001428454810354451
5464,0.00013376477508040755
5465,0.000132461600262017
5466,0.00010559388924075593
5467,9.51483029507602e-05
5468,8.559407470482479e-05
5469,7.975399573985214e-05
5470,7.870497999112613e-05
5471,7.601335416519743e-05
5472,7.093667502641165e-05
5473,7.123498791889602e-05
5474,7.087663900762225e-05
5475,7.106291981235477e-05
5476,7.50152141645564e-05
5477,9.779529167819639e-05
5478,0.00011679894325032916
5479,0.00012838049097597677
5480,0.0001324725178988038
5481,0.00014165332781930902
5482,0.00013982847887936332
5483,0.00014382929850251472
5484,0.00014099831354625312
5485,0.00013665048002305932
5486,0.00013742974007813967
5487,0.00013118566461790338
5488,0.00011845099917022466
5489,0.00010518446687771294
5490,9.449634210127242e-05
5491,8.534993262182982e-05
5492,8.321631446120956e-05
5493,7.441173465186633e-05
5494,7.004848024129963e-05
5495,6.693269214431196e-05
5496,6.639992464936176e-05
5497,6.626462942809435e-05
5498,6.518879187953598e-05
5499,6.560664959977442e-05
5500,6.77880022166074e-05
5501,6.900286938935824e-05
5502,7.343837351298688e-05
5503,7.90406149457851e-05
5504,8.511749899035874e-05
5505,9.824768164195363e-05
5506,0.0001052831429832387
5507,0.00010351830809500634
5508,0.00010240861928228607
5509,0.00010276637508250704
5510,9.574286383058217e-05
5511,9.320155870592525e-05
5512,8.960963423599215e-05
5513,8.691370286316163e-05
5514,8.28531767273613e-05
5515,8.072748868118779e-05
5516,7.842645943414458e-05
5517,7.349599315341298e-05
5518,6.966429804861484e-05
5519,6.73979108804706e-05
5520,6.637048876748187e-05
5521,6.662381308825725e-05
5522,6.60038802356209e-05
5523,6.451224987197089e-05
5524,6.52933331943617e-05
5525,6.622122248585952e-05
5526,6.92251102975515e-05
5527,7.080660796923934e-05
5528,7.581734194578374e-05
5529,8.567084963554886e-05
5530,9.513529844175058e-05
5531,9.379910710808728e-05
5532,9.647928808740446e-05
5533,9.568111437986247e-05
5534,9.2706376878062e-05
5535,9.092412209853804e-05
5536,8.573262105334459e-05
5537,8.032267940411104e-05
5538,7.798509694255428e-05
5539,7.484619948158328e-05
5540,7.441555692309552e-05
5541,6.997214465209616e-05
5542,6.603786330223896e-05
5543,6.377690200187408e-05
5544,6.450994332898776e-05
5545,6.285804117862449e-05
5546,6.389468946354574e-05
5547,6.464583166130796e-05
5548,7.106882895580678e-05
5549,9.189899896566355e-05
5550,0.00011095053876354125
5551,0.00012338913196049064
5552,0.0001372183509055051
5553,0.00013634935534484314
5554,0.0001335986820185464
5555,0.00013388473728260616
5556,0.00012874547394421153
5557,0.00012986458663254857
5558,0.00013419203470918674
5559,0.00012193877773270058
5560,0.00010866086649480544
5561,9.624180202844652e-05
5562,8.779669145125458e-05
5563,8.33151223691915e-05
5564,7.817032332763736e-05
5565,7.151357437710567e-05
5566,6.688320032201689e-05
5567,6.548268938973838e-05
5568,6.182824662142453e-05
5569,6.176634340117261e-05
5570,6.25930743075533e-05
5571,6.23595862564328e-05
5572,6.84085501473726e-05
5573,8.497989722610822e-05
5574,0.00011218207894699868
5575,0.00012106215959665626
5576,0.00012871008498472757
5577,0.00013760360948491534
5578,0.00013838313314490806
5579,0.00013413775406431714
5580,0.00013301431386200224
5581,0.00014408154643656465
5582,0.00014946642365204824
5583,0.00014339938085753594
5584,0.0001321137076789334
5585,0.0001187960580005004
5586,0.00011096141246617598
5587,0.00010230058520237162
5588,9.467236428149904e-05
5589,8.935661745428118e-05
5590,8.290148232755078e-05
5591,7.576321507044636e-05
5592,7.802454981110376e-05
5593,7.65659359627265e-05
5594,7.834118324499698e-05
5595,7.994836042856362e-05
5596,8.50110904740705e-05
5597,0.00010599984080578623
5598,0.00012489258061104466
5599,0.00013814900804858267
5600,0.00014976671358137532
5601,0.0001541741657489139
5602,0.00015344020180460698
5603,0.00014511342786598745
5604,0.00013883954308357874
5605,0.0001385939292064898
5606,0.0001455415661778078
5607,0.00014196989535197418
5608,0.00012259049694435202
5609,0.00010935408151307714
5610,9.925263143616391e-05
5611,9.225053808336808e-05
5612,8.53136210451526e-05
5613,7.84477235637414e-05
5614,7.339709737712693e-05
5615,6.95556049564195e-05
5616,6.865893087996e-05
5617,6.796997747443807e-05
5618,6.769976047219578e-05
5619,6.689284386839395e-05
5620,7.245512718989402e-05
5621,9.415438062871688e-05
5622,0.00010899089984507681
5623,0.00012067457250718684
5624,0.00013279027165357453
5625,0.00013531514540536117
5626,0.0001421864467874757
5627,0.0001471110917930594
5628,0.00014447141810194116
5629,0.00014351453227008401
5630,0.0001497546097224829
5631,0.00013757342672245044
5632,0.00012397613616615838
5633,0.00011462993613022492
5634,0.00010713184816775273
5635,9.40086949804874e-05
5636,8.405479775326618e-05
5637,7.489432934516452e-05
5638,6.954253454618178e-05
5639,6.911235329629064e-05
5640,6.472882327454846e-05
5641,6.633184868074548e-05
5642,6.563087928463528e-05
5643,6.472908687946082e-05
5644,7.253267096827912e-05
5645,9.425755998482875e-05
5646,0.00011472784338808963
5647,0.00013052232482303218
5648,0.00013416677257175246
5649,0.00014202013405485427
5650,0.00014373049059453278
5651,0.00013903856479240855
5652,0.0001404032693907585
5653,0.00014168906825200948
5654,0.0001380399195490188
5655,0.00013118937705375243
5656,0.0001212449915704521
5657,0.00010746976769831881
5658,9.853154019841043e-05
5659,9.213826435777988e-05
5660,8.248254822058689e-05
5661,7.567778511176656e-05
5662,7.126394052510327e-05
5663,6.783173866498269e-05
5664,6.546483015692617e-05
5665,6.412771620606962e-05
5666,6.807992268996713e-05
5667,6.405566419669195e-05
5668,6.680271295544376e-05
5669,7.045458557586215e-05
5670,7.203081114930282e-05
5671,7.858224993734776e-05
5672,8.749903757105108e-05
5673,0.00010016393558525926
5674,0.00010349051974382866
5675,0.00010406651844440548
5676,0.00010396151582098312
5677,0.00010125093240844075
5678,9.451138954835282e-05
5679,9.509048560664983e-05
5680,8.999495871663049e-05
5681,8.827654026004905e-05
5682,8.472189391813848e-05
5683,8.139546352910127e-05
5684,7.982422448191934e-05
5685,7.264450535234674e-05
5686,7.060075449976428e-05
5687,6.497779811426997e-05
5688,6.42809145943013e-05
5689,6.514072791718283e-05
5690,6.523659223697678e-05
5691,6.452543011758876e-05
5692,6.759075984093602e-05
5693,6.774936212987102e-05
5694,7.118762690297583e-05
5695,7.379891913186361e-05
5696,7.718321079916326e-05
5697,8.505249841238664e-05
5698,9.113790568245982e-05
5699,9.252369867379836e-05
5700,9.540461479387566e-05
5701,9.466368728646728e-05
5702,9.306516513085637e-05
5703,9.180359595446622e-05
5704,8.8601081841313e-05
5705,8.455823920171663e-05
5706,8.303805163922791e-05
5707,7.964642296853432e-05
5708,7.73350472286811e-05
5709,7.202057449187294e-05
5710,6.917006080502088e-05
5711,6.865148404118591e-05
5712,6.685668606124893e-05
5713,6.600669202135272e-05
5714,6.665981712587006e-05
5715,6.786585353405692e-05
5716,7.372598843944476e-05
5717,9.551357149098335e-05
5718,0.00011098050185524586
5719,0.00012552802221935805
5720,0.00013452283690711914
5721,0.00013909020938815455
5722,0.00013723599046755702
5723,0.00013529153079862917
5724,0.00013380917054106373
5725,0.00014018619074543221
5726,0.00013670234428956563
5727,0.00013083155535230335
5728,0.0001191892466943574
5729,0.00010563663717070987
5730,9.81041707342511e-05
5731,8.895169834182428e-05
5732,8.008394122181941e-05
5733,7.405643916416071e-05
5734,7.365883508802173e-05
5735,7.048518571277162e-05
5736,6.77144564460597e-05
5737,6.547801040254403e-05
5738,6.603465610913862e-05
5739,6.730474851102831e-05
5740,7.364734630725815e-05
5741,9.228454311706217e-05
5742,0.00011220424372671272
5743,0.00012564414018325146
5744,0.00013174922995344733
5745,0.00013718731142707503
5746,0.00013592967435729423
5747,0.000136431885649487
5748,0.00013572041599103457
5749,0.00013445326717733286
5750,0.00013433154760905187
5751,0.00013250524884208818
5752,0.00012161482926248944
5753,0.00010693726380828096
5754,9.606459362611431e-05
5755,8.85362350328731e-05
5756,8.39730802304354e-05
5757,7.517183941664871e-05
5758,7.091773940687398e-05
5759,6.734971511566126e-05
5760,6.63352535775301e-05
5761,6.421657302861007e-05
5762,6.417591197087896e-05
5763,6.537586349900558e-05
5764,7.283258745731368e-05
5765,9.199890522744698e-05
5766,0.00011394052141610637
5767,0.00012443168938886388
5768,0.00014586397695269686
5769,0.00014348716129335094
5770,0.00013999272670683799
5771,0.00014356338704717427
5772,0.00014275846944729114
5773,0.0001419127589872207
5774,0.00014252636532196048
5775,0.00013611347288243537
5776,0.00012832107003531623
5777,0.00012095359830691709
5778,0.0001077773726639638
5779,9.89814478825763e-05
5780,9.028951523911377e-05
5781,8.218779399441933e-05
5782,7.856592839985763e-05
5783,7.612441970160399e-05
5784,7.113925540155826e-05
5785,6.883921467293639e-05
5786,6.957179469145345e-05
5787,6.817631421958578e-05
5788,7.513493472891869e-05
5789,9.457961928650132e-05
5790,0.00011544082877478814
5791,0.00012512488244005956
5792,0.00013820098215046913
5793,0.00014622184258829797
5794,0.00014506145376410099
5795,0.00014304665551772577
5796,0.00014339878774648313
5797,0.00014364389638082337
5798,0.0001441237891237699
5799,0.00014004615063574239
5800,0.00013466164686055132
5801,0.0001271912593809527
5802,0.00012149436181754214
5803,0.00010061393113772925
5804,9.044007757822188e-05
5805,8.294609745896726e-05
5806,7.928745897913171e-05
5807,7.841765063665663e-05
5808,7.271027477797988e-05
5809,7.212515974085072e-05
5810,7.178056221917159e-05
5811,7.232987092237223e-05
5812,7.904557950496783e-05
5813,9.755545514210327e-05
5814,0.00011353252691300532
5815,0.00012301573560213647
5816,0.00013263588704323726
5817,0.0001476351383588258
5818,0.00014918700244494947
5819,0.0001387492144669443
5820,0.00014122165280824788
5821,0.00014025885783293873
5822,0.00013715163689560268
5823,0.00012595367825158705
5824,0.00012087838303859114
5825,0.00010815981945764222
5826,0.00010220252417497469
5827,9.547029635120469e-05
5828,9.007614902963654e-05
5829,8.010522731849226e-05
5830,7.39803012786415e-05
5831,7.037921653800397e-05
5832,7.136545038343688e-05
5833,7.021277200292635e-05
5834,6.826240319054648e-05
5835,6.672514720998262e-05
5836,7.208638785165817e-05
5837,7.447963488387437e-05
5838,7.527207518457258e-05
5839,7.806068565117274e-05
5840,8.995811993012855e-05
5841,9.837082907017656e-05
5842,0.00010470492560798287
5843,0.00010493268025225961
5844,0.00010542863092778392
5845,0.00010539981012403285
5846,0.00010082789045825928
5847,9.546807767652568e-05
5848,9.272634495017307e-05
5849,9.070695558490765e-05
5850,8.990968252748289e-05
5851,8.705235904706159e-05
5852,8.441116962769727e-05
5853,7.667871493106338e-05
5854,7.292469540710654e-05
5855,7.034666133132784e-05
5856,6.904227832375565e-05
5857,6.990248705400574e-05
5858,6.725536652411338e-05
5859,6.573397077244301e-05
5860,6.803666951726449e-05
5861,6.919692653900529e-05
5862,7.170811480242539e-05
5863,7.451763792540589e-05
5864,7.932054139563255e-05
5865,8.482368934846046e-05
5866,9.366212042196558e-05
5867,9.350762597624816e-05
5868,9.566819773915695e-05
5869,9.402653224622357e-05
5870,9.323411391260138e-05
5871,9.223485359108282e-05
5872,8.849098285625174e-05
5873,8.273242371042561e-05
5874,8.289656170252011e-05
5875,7.861337728408195e-05
5876,7.439996029911437e-05
5877,7.021433166532445e-05
5878,6.712013720407406e-05
5879,6.49911760635721e-05
5880,6.441067411240919e-05
5881,6.486350341768703e-05
5882,6.508084566792565e-05
5883,6.567887734576034e-05
5884,7.380076436625012e-05
5885,9.49513241800012e-05
5886,0.00011648925141246137
5887,0.00012125259217875839
5888,0.00013664428530761892
5889,0.00014525329223906904
5890,0.00014025420081282042
5891,0.00014241707911871236
5892,0.00013435557959022841
5893,0.00013328874854284225
5894,0.00013460571868497952
5895,0.000131429565063062
5896,0.00011826564098268538
5897,0.00010997392649740938
5898,9.9161226432804e-05
5899,9.546337672225531e-05
5900,8.505421184431697e-05
5901,7.984814662771577e-05
5902,7.585802497059088e-05
5903,7.055266857033509e-05
5904,7.03691336501063e-05
5905,6.962229699924591e-05
5906,7.018111744636743e-05
5907,7.099431663391378e-05
5908,7.670228560364334e-05
5909,9.920067930135349e-05
5910,0.00011417618420775383
5911,0.00012596185000387014
5912,0.00013765213475586512
5913,0.00014048448167084057
5914,0.00014213495596126192
5915,0.00014346960959960313
5916,0.00014208746314288553
5917,0.00013997122093940484
5918,0.00014467981975223567
5919,0.00013366029966680994
5920,0.00012281447325155164
5921,0.00011293754865873878
5922,9.944686432241922e-05
5923,9.519889312685678e-05
5924,8.409985222620326e-05
5925,7.659310923577534e-05
5926,7.391802461809706e-05
5927,7.259672696198195e-05
5928,6.956287605858536e-05
5929,6.819705113935788e-05
5930,7.566282553299027e-05
5931,7.977644609155457e-05
5932,7.576868487237777e-05
5933,0.00010031550840986471
5934,0.0001167115582218827
5935,0.0001274411348707914
5936,0.0001416605330202468
5937,0.00014974323077709948
5938,0.00014836927803974097
5939,0.0001455208951592638
5940,0.00014957070136196158
5941,0.00015079833140588573
5942,0.00014738996382325745
5943,0.00013721751615661598
5944,0.00013029951277086213
5945,0.00011716869307406237
5946,0.00011033122098903371
5947,9.772446982507637e-05
5948,8.699427809803886e-05
5949,7.804489132350734e-05
5950,7.500519717788682e-05
5951,7.231807460254423e-05
5952,7.14617320776754e-05
5953,7.040975077368535e-05
5954,6.902654989731833e-05
5955,6.938461323660372e-05
5956,7.357900673372951e-05
5957,9.713311613835476e-05
5958,0.00011489209121556429
5959,0.00012334427519123783
5960,0.00013571560520138403
5961,0.00014273230665973966
5962,0.0001457998111236139
5963,0.00014234465366904218
5964,0.00014369277312498965
5965,0.00015047552522362814
5966,0.00014337616165817246
5967,0.00014249462289709746
5968,0.0001300691001103858
5969,0.00012128527918789072
5970,0.00010829399435803211
5971,9.64076095183193e-05
5972,8.552753643153058e-05
5973,7.847972959351678e-05
5974,7.42790754797225e-05
5975,7.345484882000921e-05
5976,6.865844760428734e-05
5977,6.744050504089233e-05
5978,6.755372335074982e-05
5979,6.933424273126744e-05
5980,7.841268607747389e-05
5981,9.768082124500521e-05
5982,0.00011419665752261359
5983,0.00013124198820084373
5984,0.0001461542059612023
5985,0.00016333869806608108
5986,0.00016895574530812336
5987,0.0001662124309522966
5988,0.0001584109776698532
5989,0.0001594426394285157
5990,0.00016058303821352558
5991,0.00014653586194014363
5992,0.00013769457514675466
5993,0.00012228627490841563
5994,0.00011513430019586864
5995,0.00010604994770621015
5996,9.746655438541077e-05
5997,8.942115672365666e-05
5998,8.437347412523017e-05
5999,8.121491613121252e-05
6000,7.982861789712529e-05
6001,7.78811707058574e-05
6002,7.782486908999307e-05
6003,7.806578201281165e-05
6004,7.99269644965106e-05
6005,8.510405513982853e-05
6006,8.579687475073168e-05
6007,9.135540170223066e-05
6008,9.988873205675819e-05
6009,0.00011218377041185299
6010,0.0001192839028249697
6011,0.00012000422521506216
6012,0.00012251941148631965
6013,0.00011741248368384087
6014,0.00011555431068955797
6015,0.00011202659598285991
6016,0.00011101898817245004
6017,0.00010392753275436507
6018,0.00010299749068941634
6019,9.941042094328581e-05
6020,9.54018469422959e-05
6021,8.766987552133467e-05
6022,8.400614067986023e-05
6023,8.118776482523971e-05
6024,8.032643577411212e-05
6025,7.9511193648495e-05
6026,7.863235683777168e-05
6027,7.766538811801689e-05
6028,8.042787973121764e-05
6029,8.110057750047753e-05
6030,8.24455995987048e-05
6031,8.473094435346275e-05
6032,9.090105666870677e-05
6033,9.69845747702414e-05
6034,0.00010859483346425991
6035,0.00010931961517078641
6036,0.00011162185260701126
6037,0.00011166728052024085
6038,0.00010890138401025549
6039,0.00010683988376024097
6040,0.00010295199687495866
6041,9.939614234386645e-05
6042,9.912601320992827e-05
6043,9.485743689704991e-05
6044,8.898025554066298e-05
6045,8.301430523003972e-05
6046,8.2533533804052e-05
6047,7.970105508662038e-05
6048,7.950857956644746e-05
6049,7.893620543341558e-05
6050,7.771780156142394e-05
6051,7.879412238565497e-05
6052,8.582523424588613e-05
6053,0.00011015629716260859
6054,0.00012786744991530132
6055,0.00014190423576172114
6056,0.00015161269484846164
6057,0.00015985955256448485
6058,0.00016198106686621271
6059,0.00015675652733867048
6060,0.00015386829618227528
6061,0.0001582730244323862
6062,0.00016162965955096435
6063,0.00014483736762152123
6064,0.0001335686530256137
6065,0.00012171965614930356
6066,0.0001117878797676443
6067,0.00010311057719681762
6068,9.367332363074077e-05
6069,8.771062444736991e-05
6070,8.395570427329586e-05
6071,8.28356250336135e-05
6072,7.937655743950849e-05
6073,7.955728057400547e-05
6074,7.938385050875038e-05
6075,8.00532532166058e-05
6076,8.879691832411846e-05
6077,0.00011270687239335008
6078,0.00013264770533014128
6079,0.00014061254972409418
6080,0.00014340546573759618
6081,0.00015046346529888778
6082,0.00014789626099159176
6083,0.00014838491859787417
6084,0.00014879190261547786
6085,0.0001469235808320692
6086,0.0001447024458405463
6087,0.00013871380354038432
6088,0.00012646414916436702
6089,0.00011637003609084777
6090,0.00010813611698260609
6091,0.00010219382521286691
6092,9.0697619577595e-05
6093,8.316702034259874e-05
6094,7.96799666936318e-05
6095,7.830129103492689e-05
6096,7.51356157082756e-05
6097,7.341045335935302e-05
6098,7.454476726430267e-05
6099,7.660253311139212e-05
6100,8.424657032700614e-05
6101,0.00010695391485191154
6102,0.0001305631396502955
6103,0.00014340408181180632
6104,0.00014870941624498606
6105,0.0001589747187420054
6106,0.000158535509023866
6107,0.0001567802957149347
6108,0.00015750914133052672
6109,0.0001550543864854271
6110,0.0001533586380513084
6111,0.00014313786281740142
6112,0.0001338380572460429
6113,0.00012665337355728754
6114,0.00011718925425722625
6115,0.00010939704911379139
6116,9.870874860074264e-05
6117,9.24314369544733e-05
6118,8.538171898084491e-05
6119,8.560415759272244e-05
6120,8.407298649221885e-05
6121,8.199193554453783e-05
6122,8.137112400886027e-05
6123,8.191641273714744e-05
6124,8.938176975633527e-05
6125,0.00010975480491401235
6126,0.00012812169685326997
6127,0.00013932708036898365
6128,0.0001425918052414532
6129,0.00015609318754379928
6130,0.00016359048469153438
6131,0.00015499887568429986
6132,0.00015021086589162136
6133,0.00015155052802329737
6134,0.00014833353760704051
6135,0.00014180294557414785
6136,0.00013774531909238347
6137,0.00012357785111066246
6138,0.00011992536341211526
6139,0.00010844075639298706
6140,9.852534548297003e-05
6141,9.078851933820621e-05
6142,8.770317760859581e-05
6143,8.261518542565468e-05
6144,8.047414239333636e-05
6145,7.9604136347177e-05
6146,7.954576982616588e-05
6147,8.124184776642503e-05
6148,8.811754256374552e-05
6149,0.00011053171449195749
6150,0.0001374728394813101
6151,0.00014242362530736923
6152,0.00014694150596610952
6153,0.00015782019512710835
6154,0.00015712342144251983
6155,0.00015544564207659349
6156,0.00015276210013464377
6157,0.0001536523158907505
6158,0.00014761018376045597
6159,0.00013939908844420927
6160,0.00013672685954641486
6161,0.00012469522839999314
6162,0.0001189083317260886
6163,0.000109038985774506
6164,0.00010160532724602916
6165,9.007230479133133e-05
6166,8.723872772009822e-05
6167,8.567511124829863e-05
6168,8.587720834777259e-05
6169,8.590934618000414e-05
6170,8.38936253164357e-05
6171,8.291145538006831e-05
6172,8.915416888159073e-05
6173,9.463031929797805e-05
6174,9.557138883509373e-05
6175,9.725553865306871e-05
6176,0.00010457881262449593
6177,0.00011427048886514968
6178,0.0001213734330639982
6179,0.00011552977346563273
6180,0.00011551687879200325
6181,0.00011701149667799331
6182,0.00011568117055362994
6183,0.00010685014238474688
6184,0.00010243724238235287
6185,9.779740051749524e-05
6186,9.768866349114785e-05
6187,9.329876301735703e-05
6188,8.869727566724739e-05
6189,8.128145440450672e-05
6190,7.884240601876841e-05
6191,7.652586801604819e-05
6192,7.560127378595484e-05
6193,7.464451975655389e-05
6194,7.433118138406513e-05
6195,7.4007232913854e-05
6196,7.777348809915943e-05
6197,7.97483502013125e-05
6198,8.191885108258675e-05
6199,8.204426111964076e-05
6200,8.767822301022599e-05
6201,9.493739705379832e-05
6202,0.00010309585925587767
6203,0.00010649831769505395
6204,0.00010615670769571487
6205,0.00010839207735250507
6206,0.00010643839151164472
6207,0.00010577970873689182
6208,0.00010266750127329701
6209,0.00010195631718683295
6210,0.00010308076787464521
6211,9.417748999270021e-05
6212,8.775563498615493e-05
6213,8.213720381832274e-05
6214,7.875262657903472e-05
6215,7.629455470545462e-05
6216,7.548585876849439e-05
6217,7.649627836463608e-05
6218,7.681787635771202e-05
6219,7.888910802240773e-05
6220,8.862702495810415e-05
6221,0.0001162210553812138
6222,0.0001322484756903761
6223,0.00014294929743676181
6224,0.00014892748340873365
6225,0.00015855776167188418
6226,0.00015476275158405578
6227,0.00014826032134263327
6228,0.00015494077276820108
6229,0.00015343572052109689
6230,0.0001497237899148131
6231,0.00013947950990955425
6232,0.000136634026683113
6233,0.0001190152235180495
6234,0.00011231658335352902
6235,0.0001042508222122953
6236,9.385896739026842e-05
6237,8.752462921462578e-05
6238,8.500955277874842e-05
6239,8.218726678459461e-05
6240,7.775855048745917e-05
6241,7.98957492814723e-05
6242,8.548564521754179e-05
6243,8.489905838631864e-05
6244,9.439454667095044e-05
6245,0.00011938506121008684
6246,0.0001337818654655587
6247,0.0001456787725346898
6248,0.0001492810215303569
6249,0.0001572638569595782
6250,0.00015301762116302212
6251,0.0001524513538771265
6252,0.00015390480546263678
6253,0.00015145756335753935
6254,0.00015267060726297972
6255,0.00014749331891597756
6256,0.00013888161003417578
6257,0.0001249249820481886
6258,0.00011749918773293039
6259,0.00010641684181005949
6260,9.807653615260563e-05
6261,8.798705813212864e-05
6262,8.591973660696625e-05
6263,8.470159633988696e-05
6264,8.057901321430251e-05
6265,8.003212088946515e-05
6266,8.173988531417215e-05
6267,8.524785161951944e-05
6268,0.00010031359727425013
6269,0.00012186799981373262
6270,0.000134307317924191
6271,0.000145031951980993
6272,0.00014434965459950809
6273,0.00015206288810461593
6274,0.00015369040680058614
6275,0.00015498674985833143
6276,0.00015160625849518493
6277,0.00014597567953430828
6278,0.00015299075542903772
6279,0.0001442672780643964
6280,0.0001443371992673992
6281,0.0001292801306077003
6282,0.0001197677496416016
6283,0.00011256382279424417
6284,9.811100249489636e-05
6285,8.734555361083103e-05
6286,8.411454820006718e-05
6287,8.306366524987864e-05
6288,7.970015443650315e-05
6289,7.777722250208449e-05
6290,7.870946127463621e-05
6291,7.946249264093699e-05
6292,9.406675396243409e-05
6293,0.00011739464641810468
6294,0.00013891071640991523
6295,0.00014888466957755161
6296,0.00014531198826622059
6297,0.00015880256276716004
6298,0.0001610161630516047
6299,0.00015644428731998323
6300,0.00015690063135742583
6301,0.0001616701888062393
6302,0.00015678049341861898
6303,0.0001535854700783919
6304,0.00014853034064119132
6305,0.0001427512203122013
6306,0.0001363637877137947
6307,0.00011496906384997265
6308,0.00010385214174943087
6309,9.566228859570494e-05
6310,9.358905792709053e-05
6311,9.115741244597427e-05
6312,8.761396931283889e-05
6313,8.51565564515397e-05
6314,8.595257738563075e-05
6315,8.814697844562542e-05
6316,9.802427647873079e-05
6317,0.00012333840998193787
6318,0.00014274941901196685
6319,0.00015274213206253269
6320,0.0001662469192616634
6321,0.00016716525287508824
6322,0.00016992411992074408
6323,0.00016568873585974672
6324,0.0001649546401129836
6325,0.000159113858201578
6326,0.00015821254907207624
6327,0.00015504509441226653
6328,0.0001428753782259216
6329,0.00012682680362254264
6330,0.00012092677650708472
6331,0.000111277145249952
6332,0.00010299626053315867
6333,9.595258350543847e-05
6334,9.174793138380676e-05
6335,8.66090195186286e-05
6336,8.53252855625244e-05
6337,8.480106326014981e-05
6338,8.567948269642855e-05
6339,8.468874560040954e-05
6340,8.781986671646599e-05
6341,9.364676543582077e-05
6342,9.430131840028006e-05
6343,9.816062611964762e-05
6344,0.00010899417293940526
6345,0.00012175060775942951
6346,0.00012616254121047818
6347,0.00012773529598590616
6348,0.00012642379564570033
6349,0.0001279659942183709
6350,0.00012259302315809545
6351,0.00011951550170755165
6352,0.00011538670189945078
6353,0.0001120276943366614
6354,0.00011212166948791678
6355,0.00010748389252820597
6356,0.00010221515524369183
6357,9.530490623577649e-05
6358,9.163214292605381e-05
6359,8.781641788552932e-05
6360,8.74035906257017e-05
6361,8.698116375364908e-05
6362,8.524497393255955e-05
6363,8.444058354250114e-05
6364,8.692993653234762e-05
6365,9.11673854984918e-05
6366,9.075009892223013e-05
6367,8.94836750220374e-05
6368,9.478766946357935e-05
6369,0.00010173003433665021
6370,0.0001087655176450113
6371,0.00010930428215171762
6372,0.00011194533976862578
6373,0.00011385597014046776
6374,0.0001154518562469551
6375,0.00011264409049005696
6376,0.00010764289022450949
6377,0.00010709446020435005
6378,0.00010438348138443914
6379,9.86763251965227e-05
6380,9.439689714808562e-05
6381,8.761511160079244e-05
6382,8.555022842106934e-05
6383,8.337285184499777e-05
6384,8.305859085531575e-05
6385,8.298660474716617e-05
6386,8.446257258560694e-05
6387,8.587738408438081e-05
6388,9.595816314275003e-05
6389,0.00011873797705147766
6390,0.0001411668669206296
6391,0.0001538009011930159
6392,0.0001518971025818192
6393,0.00016282767797640035
6394,0.00016294775001397913
6395,0.00016259030175282257
6396,0.00016002158171728048
6397,0.00015704249473442612
6398,0.0001585788061307207
6399,0.00013845459204323292
6400,0.0001205251524560323
6401,0.00011115810566494661
6402,0.00010544143773310928
6403,9.627976113582597e-05
6404,8.523508874834615e-05
6405,8.005525222052451e-05
6406,7.432764468482433e-05
6407,7.274693782787358e-05
6408,6.883082324989302e-05
6409,6.719392461245808e-05
6410,6.842757363521439e-05
6411,6.952296188143926e-05
6412,7.864369184900305e-05
6413,0.00010135767043086944
6414,0.00012303913053810818
6415,0.00012937680770930735
6416,0.0001426330374431611
6417,0.0001497276341531183
6418,0.00014714261454716216
6419,0.0001404280482525201
6420,0.00014519235557016244
6421,0.0001489951639699814
6422,0.00014449479107083685
6423,0.00013453311749870108
6424,0.0001349198918063574
6425,0.00011916991566745117
6426,0.0001090543187935748
6427,9.733648732823844e-05
6428,8.936667837510281e-05
6429,8.393307818498518e-05
6430,7.863668435174954e-05
6431,7.510481786768185e-05
6432,7.411572830236508e-05
6433,7.092222069038405e-05
6434,7.179719129572614e-05
6435,7.327742074691669e-05
6436,8.316106726499467e-05
6437,0.00010443888235018625
6438,0.00012018866078540817
6439,0.00013228151417272487
6440,0.00013860414389684365
6441,0.00014668820361241015
6442,0.00014536101877991907
6443,0.00014327728784896242
6444,0.0001383176492912633
6445,0.00014189648138388265
6446,0.00013967848768423201
6447,0.00013573190477179814
6448,0.00012516637824667981
6449,0.00011461313131706216
6450,0.00011108453792732291
6451,9.9592769641409e-05
6452,8.921132721342023e-05
6453,8.286651074251138e-05
6454,7.779635582530643e-05
6455,7.623181673631359e-05
6456,7.15920847068361e-05
6457,7.213383673588248e-05
6458,7.015260418168079e-05
6459,6.963699297310983e-05
6460,7.868560503006787e-05
6461,9.900534806129671e-05
6462,0.00011947894849303811
6463,0.0001326379739154601
6464,0.0001381375851690472
6465,0.0001404093982049708
6466,0.00014147053977966523
6467,0.00013458902370719689
6468,0.00013896372296437508
6469,0.00013694209295735463
6470,0.00013931168144868677
6471,0.00013409210648032726
6472,0.00013093374618999387
6473,0.00011907493003069841
6474,0.00011006605641427828
6475,0.00010369288044821498
6476,8.81704173157492e-05
6477,7.462266251590426e-05
6478,7.177454324033944e-05
6479,7.092156167810316e-05
6480,6.698800524175494e-05
6481,6.751539080307785e-05
6482,6.727318182277352e-05
6483,6.888763010850603e-05
6484,7.715621326272266e-05
6485,9.763117565317792e-05
6486,0.00012487371089273507
6487,0.00013299630085965782
6488,0.00013871828482389436
6489,0.0001524950024571977
6490,0.0001522479607201668
6491,0.00015356578757826921
6492,0.00014941901870197595
6493,0.00015019401714430654
6494,0.00014984700324426411
6495,0.0001389758268232675
6496,0.00013071969900115972
6497,0.00012029232341719268
6498,0.0001143852229032532
6499,0.00010653968169921802
6500,9.557782518837044e-05
6501,8.585631765846827e-05
6502,8.153633838768024e-05
6503,8.209972798661595e-05
6504,7.709499102182767e-05
6505,7.328708626036978e-05
6506,7.231343954950194e-05
6507,7.281092792034832e-05
6508,7.812977210528639e-05
6509,8.263333023045528e-05
6510,8.227693638894816e-05
6511,8.71223681183685e-05
6512,9.73546760671911e-05
6513,0.00010906512659498143
6514,0.00011393872011587193
6515,0.00011409385160679422
6516,0.00011478447451009443
6517,0.00010761152123993897
6518,0.00010152901362390171
6519,9.930689011395746e-05
6520,9.957855694321773e-05
6521,9.629432530723372e-05
6522,9.89176335267098e-05
6523,9.189478128706583e-05
6524,8.74050624197957e-05
6525,8.038726260763858e-05
6526,7.374250768061914e-05
6527,7.109237766131072e-05
6528,7.039009024063871e-05
6529,7.02654051170937e-05
6530,6.944412204556839e-05
6531,6.867595536388309e-05
6532,7.317542761291043e-05
6533,7.735976018921459e-05
6534,7.866262746854072e-05
6535,7.942545615075078e-05
6536,8.196693701201595e-05
6537,8.874797567872412e-05
6538,9.93660035155536e-05
6539,9.879059792602959e-05
6540,9.924496492662953e-05
6541,9.804846222943957e-05
6542,9.535345347380231e-05
6543,9.40030274748717e-05
6544,8.965545755659027e-05
6545,8.946238892536456e-05
6546,9.318310636206025e-05
6547,8.778390661300526e-05
6548,8.208659167515014e-05
6549,7.454325153605661e-05
6550,7.225909300340427e-05
6551,7.112343910681682e-05
6552,7.176180233624216e-05
6553,6.901446800550196e-05
6554,6.959281718321395e-05
6555,7.146731171498696e-05
6556,8.062742864987215e-05
6557,0.00010331585952231591
6558,0.0001270909577118007
6559,0.00014050985364365498
6560,0.00014563257577379917
6561,0.00015358021994722079
6562,0.0001509020379718223
6563,0.00014641655875022593
6564,0.00014332207871698715
6565,0.0001430088941140306
6566,0.0001468080340121526
6567,0.00013570618132576726
6568,0.00013147637690208146
6569,0.00011913527358855223
6570,0.00011307378846427546
6571,0.00010573994832927792
6572,9.155864108965816e-05
6573,8.354981860949365e-05
6574,7.791996456212598e-05
6575,7.736641621325161e-05
6576,7.531904079312425e-05
6577,7.444767278825104e-05
6578,7.509644841171451e-05
6579,7.598178747694265e-05
6580,8.425601616969895e-05
6581,0.00010897246946828784
6582,0.0001247064975099964
6583,0.00013715776570981497
6584,0.00014482357229777452
6585,0.000150527059983994
6586,0.000151039749571453
6587,0.0001441407477064649
6588,0.00014824481258695623
6589,0.00014732676454551978
6590,0.00014758942487360784
6591,0.0001372614942428276
6592,0.00013513325801583462
6593,0.00012014797776060101
6594,0.00011236906269816416
6595,9.894845333437957e-05
6596,9.11817080320632e-05
6597,8.418137204534977e-05
6598,8.001639246302784e-05
6599,7.696567084524038e-05
6600,7.415370937682057e-05
6601,7.30013824695265e-05
6602,7.227517290305806e-05
6603,7.419434846747565e-05
6604,8.118117470243078e-05
6605,0.000105165333554491
6606,0.00012663685431611314
6607,0.00013912819046261004
6608,0.00014337857803653573
6609,0.00015269145401813197
6610,0.00015267932819216354
6611,0.00014391663959680912
6612,0.00014070252686751217
6613,0.00014435738701027058
6614,0.00014436424073799187
6615,0.00014133023606506306
6616,0.00013269768042810902
6617,0.00012201996804570664
6618,0.00011438886943787416
6619,0.00010155447346502023
6620,9.236986324036184e-05
6621,8.478937677570195e-05
6622,8.131614041755774e-05
6623,7.828995602369553e-05
6624,7.530566284382212e-05
6625,7.398506813413995e-05
6626,7.459309483156817e-05
6627,7.70169639677699e-05
6628,8.574577933188643e-05
6629,0.00010437434308081075
6630,0.00012467521639373
6631,0.00013545999630470155
6632,0.0001424543133125828
6633,0.00014828663789971696
6634,0.0001539660496706078
6635,0.0001449679179543662
6636,0.00014150680742219042
6637,0.00014835280273271863
6638,0.0001429080652350539
6639,0.00014062063360807315
6640,0.00013644805341744492
6641,0.000117364639392248
6642,0.00011058219483267393
6643,0.00010225153272159714
6644,9.037738354323289e-05
6645,8.440091100319136e-05
6646,7.9469873578483e-05
6647,7.824288057976372e-05
6648,7.661971136484739e-05
6649,7.521691585666181e-05
6650,7.499096251261952e-05
6651,7.831269194738636e-05
6652,8.46362662557744e-05
6653,0.00010672249170593783
6654,0.00013018016564679235
6655,0.00014104571849632539
6656,0.00014212902485073386
6657,0.0001586384028079895
6658,0.00015149910309831166
6659,0.00014126574072983962
6660,0.0001473534106087439
6661,0.00014602022876449667
6662,0.00014452807119102196
6663,0.0001348043230193647
6664,0.00012687963444039425
6665,0.00011894180954995797
6666,0.00010920130049929003
6667,9.960267679269842e-05
6668,9.310931895367622e-05
6669,8.525277224455012e-05
6670,8.092890480130481e-05
6671,7.701729347391035e-05
6672,7.413776127962294e-05
6673,7.377941236834917e-05
6674,7.303352030175806e-05
6675,7.21081132898516e-05
6676,7.666083373117514e-05
6677,8.203729755653932e-05
6678,8.334686479405453e-05
6679,8.739058611669207e-05
6680,9.304772327248873e-05
6681,0.00010708077471598351
6682,0.00011047914727901824
6683,0.00010998462446343589
6684,0.00011062977551935444
6685,0.00010993548411435726
6686,0.00010366113802335195
6687,0.00010193902909799752
6688,9.934333349309086e-05
6689,9.964329391627747e-05
6690,9.815223469660425e-05
6691,9.271665746964394e-05
6692,8.741978036073565e-05
6693,8.007210096783936e-05
6694,7.582973137666452e-05
6695,7.400055492274095e-05
6696,7.37005066312502e-05
6697,7.35002987003148e-05
6698,7.095418278600738e-05
6699,7.055996163957698e-05
6700,7.3590429613265e-05
6701,7.816920300675986e-05
6702,8.159165148512321e-05
6703,8.030818113393137e-05
6704,8.244267797759284e-05
6705,8.98940419693497e-05
6706,9.973874086162686e-05
6707,9.863243497861519e-05
6708,9.757307273707915e-05
6709,9.616737757485763e-05
6710,9.886016765581589e-05
6711,9.54073826454554e-05
6712,9.352192654274354e-05
6713,9.450055977987014e-05
6714,9.387779317442594e-05
6715,8.795639209399107e-05
6716,8.419554080938897e-05
6717,8.006250135561434e-05
6718,7.76906282883751e-05
6719,7.437737814495576e-05
6720,7.582900646315554e-05
6721,7.82889016040461e-05
6722,7.505060312404037e-05
6723,7.501875086379718e-05
6724,8.418611693377219e-05
6725,0.00010677376286139134
6726,0.00012760386697002
6727,0.00013988377000973026
6728,0.00014920248923355045
6729,0.0001613867695913031
6730,0.00016014894682410115
6731,0.00015125526855438114
6732,0.0001484066220689916
6733,0.00015335136694914254
6734,0.00015303541449460624
6735,0.00014745973125672803
6736,0.00013559487415152436
6737,0.00012145798433963682
6738,0.00011358166726208392
6739,0.00010557715032882125
6740,9.500788940077786e-05
6741,8.370644386158597e-05
6742,7.831218670463766e-05
6743,7.619370385940192e-05
6744,8.572286767158737e-05
6745,8.764573370477794e-05
6746,8.803894436571097e-05
6747,8.605118758992843e-05
6748,8.452588169872478e-05
6749,0.00010640394713643003
6750,0.00013069494210647418
6751,0.00014798450273600336
6752,0.0001508842007060861
6753,0.0001600336855761729
6754,0.00016129338755110052
6755,0.00016182028983675076
6756,0.00015402156047173506
6757,0.00015283764490911015
6758,0.00015126434095678144
6759,0.00014703809519941248
6760,0.0001408422814052136
6761,0.0001248944478125072
6762,0.00011095370202248953
6763,0.00010088454354734008
6764,8.892623850070577e-05
6765,8.11755071968151e-05
6766,7.887364320088276e-05
6767,7.610728538230077e-05
6768,7.199252253578292e-05
6769,7.137441295045703e-05
6770,7.131125760687142e-05
6771,7.27586023452454e-05
6772,8.046050083912186e-05
6773,0.00010331476116851442
6774,0.0001258795613370626
6775,0.00013680512823830896
6776,0.00014347046631556828
6777,0.00015286971684011364
6778,0.00015460037095804365
6779,0.0001567925533433593
6780,0.00015871381577999973
6781,0.0001582930803728014
6782,0.00015170926211468855
6783,0.00014043237576649793
6784,0.00013818567109847638
6785,0.00011926351737841409
6786,0.00011126042830509333
6787,0.0001056751674220661
6788,9.106668842197128e-05
6789,8.195158202587112e-05
6790,7.778976570249748e-05
6791,7.723533867058192e-05
6792,7.60577276587776e-05
6793,7.278371071314743e-05
6794,7.414263797050155e-05
6795,7.370004532265358e-05
6796,8.272236278960397e-05
6797,0.00010593356613740439
6798,0.00012968050253541903
6799,0.00014386473139615073
6800,0.0001584806133008676
6801,0.0001626718435390451
6802,0.00016087003806185464
6803,0.0001726246204453888
6804,0.00016252024874736362
6805,0.00015985300637582798
6806,0.0001565638541148133
6807,0.00014494766431026674
6808,0.00014097430353215255
6809,0.00012573286520333574
6810,0.000111910851459259
6811,0.00010315743296998915
6812,8.879647898259787e-05
6813,8.069743772117905e-05
6814,7.56996643194922e-05
6815,7.50242206657286e-05
6816,7.509864511931748e-05
6817,7.227818239247415e-05
6818,7.326678868211827e-05
6819,7.554084235979692e-05
6820,8.577710438230489e-05
6821,0.00011347284236743241
6822,0.00013449170956038496
6823,0.00014431835151616567
6824,0.00015237664385154924
6825,0.00015694542222545053
6826,0.00015960589873756899
6827,0.0001445423497904413
6828,0.00014379880820098538
6829,0.00014912200186697734
6830,0.00014335476572611944
6831,0.0001337733642071352
6832,0.0001229185312907047
6833,0.00011723580249133337
6834,0.00011033269278312771
6835,9.788043606488782e-05
6836,8.949364807455492e-05
6837,8.203426610004721e-05
6838,7.773572669546423e-05
6839,7.535983365331154e-05
6840,7.461181078034554e-05
6841,7.442368474122653e-05
6842,7.415463199401381e-05
6843,7.356191634857834e-05
6844,7.891775308955055e-05
6845,8.704058469430962e-05
6846,8.994522525649908e-05
6847,9.158320028065946e-05
6848,9.794113109595808e-05
6849,0.00010631355261856748
6850,0.00011182034710601633
6851,0.00011646910760374206
6852,0.00011329895099358069
6853,0.0001140846034677857
6854,0.00011241921353274014
6855,0.0001066565245766204
6856,0.00010338914168795124
6857,0.000103345449173728
6858,9.95098658964726e-05
6859,9.44583390597409e-05
6860,8.929526341093001e-05
6861,8.243586818402361e-05
6862,7.725001267736982e-05
6863,7.474620535149573e-05
6864,7.518482195858231e-05
6865,7.341754872491065e-05
6866,7.260445937274444e-05
6867,7.228978100861787e-05
6868,7.564547154292675e-05
6869,8.059239116360464e-05
6870,8.418334908219244e-05
6871,8.243498950098242e-05
6872,8.691614120860093e-05
6873,9.143564743096743e-05
6874,0.0001049480132713284
6875,0.00010416701781724171
6876,0.00010652755587324958
6877,0.00010700799779309684
6878,0.00010746976769831881
6879,0.00010450129081318684
6880,0.00010165547808060514
6881,0.0001002641493861071
6882,9.48667948714386e-05
6883,9.098079715469486e-05
6884,8.333302553615576e-05
6885,7.722578299250897e-05
6886,7.656795693372124e-05
6887,7.313316295862914e-05
6888,7.369369683768097e-05
6889,7.34147149721028e-05
6890,7.422154370760051e-05
6891,7.493556154687241e-05
6892,8.441132339722948e-05
6893,0.00010844031705146647
6894,0.00013323510494317754
6895,0.00014220896304040624
6896,0.0001503232274855137
6897,0.0001576042368026596
6898,0.0001541754837734757
6899,0.00014277905259753104
6900,0.00015325394296695049
6901,0.00014808759422381111
6902,0.0001439879666926778
6903,0.00013822923181024344
6904,0.00012690709328543146
6905,0.0001225456182080232
6906,0.00011212878682055045
6907,0.00010137080674233525
6908,8.89535655432868e-05
6909,8.180536916781693e-05
6910,8.058973314740505e-05
6911,7.959431706419168e-05
6912,7.697059147027104e-05
6913,7.671359864779867e-05
6914,7.758810794454413e-05
6915,7.90503463604663e-05
6916,8.767481811344137e-05
6917,0.0001127368354850547
6918,0.00013397583474690166
6919,0.0001482514246768412
6920,0.0001475112660170939
6921,0.00015391016542918806
6922,0.00015680520637915247
6923,0.00014565900216626301
6924,0.00015009230958228868
6925,0.00015245983316847402
6926,0.00014709413321036444
6927,0.00014624040476754314
6928,0.00013711264533564982
6929,0.00012638236574030815
6930,0.0001152475844069542
6931,0.00010776340160360885
6932,9.456408856374827e-05
6933,8.684230986606485e-05
6934,8.663803802606395e-05
6935,8.725983808016283e-05
6936,8.4578426944588e-05
6937,8.376828118060979e-05
6938,8.454932056884853e-05
6939,8.929735028315283e-05
6940,9.533399064443991e-05
6941,0.00011981214510225778
6942,0.0001401624882703961
6943,0.00015058087932026695
6944,0.00015026556391093554
6945,0.00016037342837404943
6946,0.0001549027916937456
6947,0.00014570836218610192
6948,0.00014956037683622758
6949,0.0001480986875972062
6950,0.00014835148470815687
6951,0.0001413513024909756
6952,0.00013535044649654103
6953,0.000126666246263841
6954,0.00011500139938588846
6955,0.00010389506541599305
6956,9.499273211831732e-05
6957,8.593170866340246e-05
6958,8.238910027915621e-05
6959,8.135060675984846e-05
6960,7.736142968699285e-05
6961,7.597860225091832e-05
6962,7.602879701964638e-05
6963,7.70575371571969e-05
6964,8.551336766749137e-05
6965,0.00010964701247193423
6966,0.00012932252706443777
6967,0.0001417496534476996
6968,0.00014658451901354962
6969,0.00015149073364234433
6970,0.00014916694650453426
6971,0.0001472513955076616
6972,0.00014510899051662943
6973,0.00014707018909749196
6974,0.000146813481847008
6975,0.00013742677452287564
6976,0.00014026955579896522
6977,0.0001242665848454241
6978,0.00011675992972330027
6979,0.00010639871897233494
6980,9.297189292603394e-05
6981,8.23237262608916e-05
6982,7.835368251125792e-05
6983,7.764563971666612e-05
6984,7.503531403912365e-05
6985,7.475828724331211e-05
6986,7.490605976376442e-05
6987,7.547114082755443e-05
6988,8.512375960702724e-05
6989,0.00010643153778392343
6990,0.000128871960367991
6991,0.00014105898661024736
6992,0.00014808592472603286
6993,0.00015831963856772138
6994,0.0001556268265196871
6995,0.00015355807713458277
6996,0.00015207626605391806
6997,0.00015138199661599692
6998,0.00014854123631090208
6999,0.00014501554257519874
7000,0.00013369557879091374
7001,0.00011929627028877447
7002,0.00010837632695899172
7003,9.662644552972793e-05
7004,9.059470382639547e-05
7005,8.170049834685076e-05
7006,7.671603699323797e-05
7007,7.382270947520386e-05
7008,7.236572119045282e-05
7009,7.175852924191372e-05
7010,7.067724385849998e-05
7011,6.941367567819111e-05
7012,7.302688624479707e-05
7013,8.040220021933884e-05
7014,8.50839772323373e-05
7015,8.626011645004765e-05
7016,9.631815958472603e-05
7017,0.0001085263620882751
7018,0.00010992584056798019
7019,0.00011090258463656825
7020,0.00011636665316113918
7021,0.00010992294091394427
7022,0.00010500121752947252
7023,0.0001022372760892538
7024,0.00010322979251843124
7025,0.00010111192475132432
7026,9.898098657397967e-05
7027,9.32310165548812e-05
7028,8.86652037362439e-05
7029,8.096018591757121e-05
7030,7.56816513171478e-05
7031,7.327871680440244e-05
7032,7.932967969926096e-05
7033,7.548280534492624e-05
7034,7.509181335867222e-05
7035,7.128184369206754e-05
7036,7.360560886280156e-05
7037,7.870906586726766e-05
7038,8.448959208912358e-05
7039,8.702276939564947e-05
7040,9.214199876070496e-05
7041,9.344895191617263e-05
7042,0.00010541507724187355
7043,0.00010471986321968312
7044,0.00010463950765556621
7045,0.00010281424134117592
7046,9.939319875567846e-05
7047,9.976417873566935e-05
7048,9.729956067343238e-05
7049,9.901705651282058e-05
7050,9.095234979123629e-05
7051,8.434493889346748e-05
7052,8.317817961722186e-05
7053,7.516621584518509e-05
7054,7.174596407442469e-05
7055,6.925540289539657e-05
7056,7.134042988383897e-05
7057,7.757758571512587e-05
7058,8.348350000695975e-05
7059,8.401169835009576e-05
7060,9.288764918945972e-05
7061,0.00011509548437252402
7062,0.0001482570043141528
7063,0.00015340492268050312
7064,0.00015691600831064666
7065,0.0001684008789346872
7066,0.0001679077180778187
7067,0.00017274829508343644
7068,0.0001628134652782091
7069,0.0001650791494999204
7070,0.00016904365754639457
7071,0.0001531866797801473
7072,0.00015763720938378033
7073,0.0001394434619377894
7074,0.00012729703085203608
7075,0.00011731679510065516
7076,0.00010472981430512463
7077,9.596734538053047e-05
7078,9.164607005225669e-05
7079,8.620036600324665e-05
7080,8.67707191652838e-05
7081,8.951816333140415e-05
7082,9.297406766656087e-05
7083,8.803578110676269e-05
7084,7.977750051120401e-05
7085,0.0001061067106306711
7086,0.00012957789432328394
7087,0.0001362317436197797
7088,0.00013876540420197823
7089,0.00014780360386489817
7090,0.00014780261534647684
7091,0.0001503197127533489
7092,0.00014285525638427834
7093,0.00014224637297088495
7094,0.00014775222287406452
7095,0.00014094890959226214
7096,0.00013786651145083974
7097,0.00012527379724846542
7098,0.0001116596579448585
7099,0.00010165130433615948
7100,9.170265724010939e-05
7101,8.287187070906264e-05
7102,7.900287550916595e-05
7103,7.65280866907272e-05
7104,7.667337693158814e-05
7105,7.507353675141545e-05
7106,7.661237436145346e-05
7107,7.784378274245472e-05
7108,8.663098659465838e-05
7109,0.00010971115633394117
7110,0.00013307105481938716
7111,0.0001464769462422318
7112,0.00014416890949793507
7113,0.00015364607724115804
7114,0.00015087653419655175
7115,0.00014635724764494555
7116,0.00014394574597254858
7117,0.0001444938684536436
7118,0.0001404499713943978
7119,0.00013739924977661033
7120,0.00013789750699511776
7121,0.00012496362213492497
7122,0.00011250842182849706
7123,9.977327310514568e-05
7124,9.163146194669688e-05
7125,8.554631828153604e-05
7126,7.895619547260267e-05
7127,7.564718497485708e-05
7128,7.452370083839011e-05
7129,7.244772428527198e-05
7130,7.261061015403278e-05
7131,7.370404333049101e-05
7132,8.201453966577247e-05
7133,0.00010358034311771442
7134,0.0001302412780523072
7135,0.00013832107615512393
7136,0.00014632330851247952
7137,0.0001567260590042172
7138,0.00015623972990799393
7139,0.00014766837454485886
7140,0.00014692575557259617
7141,0.00014555760214330954
7142,0.00014801954022227088
7143,0.0001428983118532967
7144,0.00013254683251701256
7145,0.00012773138584637285
7146,0.00011524683752636917
7147,0.0001005180668179353
7148,8.957936360522312e-05
7149,9.238475691791002e-05
7150,9.207583392770326e-05
7151,9.348750413460488e-05
7152,8.698814928382654e-05
7153,8.526481020221444e-05
7154,8.732705733281396e-05
7155,9.735731211631467e-05
7156,9.574444546005632e-05
7157,0.00011153927836821532
7158,0.00013219478815655933
7159,0.00014668899442714722
7160,0.00015192091489223548
7161,0.00016115178777901257
7162,0.0001603787663735247
7163,0.00015203635187677195
7164,0.00014677574241038884
7165,0.0001475370114302008
7166,0.00014839801097518793
7167,0.00013854257018273218
7168,0.0001318282015917744
7169,0.00012090766515093883
7170,0.00011019603560314648
7171,9.819298362263947e-05
7172,9.040528172979071e-05
7173,8.151935783790921e-05
7174,7.62728512343372e-05
7175,7.27089567534181e-05
7176,7.179444541122242e-05
7177,7.052512185699375e-05
7178,7.106030573030723e-05
7179,7.00381996497177e-05
7180,7.407060792819991e-05
7181,8.011939608253147e-05
7182,8.522645568746644e-05
7183,8.798147849481708e-05
7184,9.732071496764906e-05
7185,0.00011351605160598297
7186,0.00012132558877240536
7187,0.00011639224480471386
7188,0.00011548177540450765
7189,0.00011178889025314168
7190,0.00010791528196727875
7191,0.00010567066417148
7192,0.00010529272062838767
7193,0.00010440773303637602
7194,9.969403786190628e-05
7195,9.406585331231687e-05
7196,8.983495053482958e-05
7197,8.163084074876033e-05
7198,7.708433698995323e-05
7199,7.345574947012643e-05
7200,7.43137395256975e-05
7201,7.401079158017083e-05
7202,7.821056701092392e-05
7203,8.774388260047899e-05
7204,8.855134838118157e-05
7205,9.014328041398354e-05
7206,9.299921996861497e-05
7207,9.366688727746405e-05
7208,9.744869515259855e-05
7209,0.00010700070472385497
7210,0.00011302113338303209
7211,0.00011859595990494515
7212,0.00012141914654921619
7213,0.00012182540565331089
7214,0.00012073416918445566
7215,0.00012448302644554548
7216,0.00012854113620298254
7217,0.00013074884931105126
7218,0.00010377738778970155
7219,0.0001013574946942612
7220,9.275474837947958e-05
7221,8.739605591862349e-05
7222,8.135469263599e-05
7223,7.86637258223422e-05
7224,7.877630708699482e-05
7225,7.780494495203406e-05
7226,7.690765579744573e-05
7227,7.62115411251381e-05
7228,7.747018868041628e-05
7229,8.421957279056555e-05
7230,0.00010820324836695311
7231,0.00013266499341897672
7232,0.00014470611434224328
7233,0.00014955402835125498
7234,0.0001546439316698107
7235,0.00015567976717291887
7236,0.00015133907294943475
7237,0.00014632005738522713
7238,0.00015630369803339264
7239,0.00015502350077652925
7240,0.00015187755188415269
7241,0.0001352661807928908
7242,0.00012093907806966141
7243,0.00011120652110051625
7244,0.00010448742958821204
7245,9.145174929769727e-05
7246,8.424874506753308e-05
7247,8.01436916686204e-05
7248,7.658959450361057e-05
7249,7.64566058253263e-05
7250,7.535153009857229e-05
7251,7.449624199335289e-05
7252,7.709437594369884e-05
7253,8.578934004365347e-05
7254,0.00010767076644399129
7255,0.0001302820709124945
7256,0.00013608403700055547
7257,0.0001496887963626977
7258,0.00018116585894728705
7259,0.0001896614498651954
7260,0.0001723515477232626
7261,0.00017327302262855974
7262,0.00017309440833336164
7263,0.00017323218583422038
7264,0.0001723502736328529
7265,0.00016223182103909263
7266,0.0001431832248294029
7267,0.00013492597668641763
7268,0.00012754031621906587
7269,0.00011597179496950391
7270,0.00010652634768406794
7271,0.00010045910718587138
7272,0.00010073978051630385
7273,9.881267483743951e-05
7274,9.737974050094107e-05
7275,9.760411221550923e-05
7276,9.760127846270139e-05
7277,0.00010599676541514205
7278,0.00012449829356338618
7279,0.00014960793555583206
7280,0.00015773518254287312
7281,0.00016255473705673035
7282,0.00017686437595451607
7283,0.0001799033232195516
7284,0.00017781330970485044
7285,0.00016999162474538358
7286,0.00015221309897050754
7287,0.0001525014388104744
7288,0.00015068654095597018
7289,0.00013781910650076748
7290,0.00012484992054939483
7291,0.00011382899457110319
7292,0.00010227132505709997
7293,9.245847842506595e-05
7294,8.381652087957118e-05
7295,7.928473506170403e-05
7296,8.002579437156859e-05
7297,7.789345030135804e-05
7298,7.458468144144876e-05
7299,7.574375224108397e-05
7300,7.694473622178399e-05
7301,8.370066652059013e-05
7302,0.00010608324979347129
7303,0.00012825659666716884
7304,0.00013672149957986358
7305,0.00013795268829010454
7306,0.00015296942539821278
7307,0.00014805424820239793
7308,0.00014751440730896613
7309,0.00015659680472885796
7310,0.00015326958352508368
7311,0.0001532729884218683
7312,0.00014995488355464638
7313,0.0001366004390238635
7314,0.0001230966842773062
7315,0.00011687330180268997
7316,0.00010371814258564922
7317,9.220596688610367e-05
7318,8.680167077540976e-05
7319,8.117954913880458e-05
7320,8.302471762407783e-05
7321,8.000358565770248e-05
7322,7.755190620324705e-05
7323,7.850083995358139e-05
7324,8.009217887533057e-05
7325,9.665840762535126e-05
7326,0.00012020902426488777
7327,0.0001486129807812153
7328,0.00016119102097680174
7329,0.00015937509066972413
7330,0.00017133473570799627
7331,0.0001715553290854873
7332,0.00016690854562460426
7333,0.00017181724253299035
7334,0.00017732821076488485
7335,0.0001711934215078967
7336,0.00017483279486205412
7337,0.00016534585176999791
7338,0.00015120371182693925
7339,0.0001395209178478704
7340,0.00013052950805689392
7341,0.0001244834877541421
7342,0.00011821237082331316
7343,9.393424855982246e-05
7344,8.810636132204635e-05
7345,8.523278220536302e-05
7346,8.025053952642924e-05
7347,7.840570054729643e-05
7348,7.89926608188121e-05
7349,8.404752665110032e-05
7350,8.909556072274329e-05
7351,9.100799239481973e-05
7352,9.247600815173772e-05
7353,0.00010023001254995682
7354,0.00010954820456395229
7355,0.00011830056863357273
7356,0.0001173321061526479
7357,0.00011809401221766473
7358,0.00011443849306262543
7359,0.00011622817271384745
7360,0.00012245478434864005
7361,0.00011643290586244499
7362,0.00011250655462703454
7363,0.00010910315160358899
7364,0.00010304775135937246
7365,9.633874273496594e-05
7366,8.945658961729269e-05
7367,8.396910418967401e-05
7368,8.066841921374371e-05
7369,8.091662520580417e-05
7370,7.963697712584151e-05
7371,7.83558133176328e-05
7372,7.802099114478693e-05
7373,8.05638119976899e-05
7374,8.313949559633343e-05
7375,8.557904922482042e-05
7376,8.729397491631312e-05
7377,9.08977616073023e-05
7378,9.969746472576692e-05
7379,0.00010510070641681139
7380,0.0001069693796734365
7381,0.0001222004495423673
7382,0.00011980902577746155
7383,0.00010298501339023142
7384,0.0001041164715752972
7385,0.00010055027055139496
7386,9.626513106319015e-05
7387,9.249676703858586e-05
7388,8.879900519634128e-05
7389,8.432048953784634e-05
7390,7.971972710124568e-05
7391,8.239008879757756e-05
7392,7.97465928352301e-05
7393,8.218700317968226e-05
7394,8.274204528972666e-05
7395,8.692018315059041e-05
7396,8.820492759219198e-05
7397,9.745785542330296e-05
7398,0.00012318132342124894
7399,0.000138810963917664
7400,0.00014376660446752574
7401,0.000153322194672175
7402,0.00015913209087468273
7403,0.0001551299971611216
7404,0.00015161557253542154
7405,0.00014969518878182235
7406,0.00014839954867051
7407,0.00015583452522354864
7408,0.0001484058751884066
7409,0.00014063983283252318
7410,0.00011997905094593201
7411,0.00010888627066194698
7412,9.938562011444819e-05
7413,8.766622898671373e-05
7414,8.078675585231612e-05
7415,7.712216429487652e-05
7416,7.623528753432628e-05
7417,7.528266331521893e-05
7418,7.388103206206293e-05
7419,7.48296802404089e-05
7420,7.685649447737238e-05
7421,8.368438891725206e-05
7422,0.00010809877295335548
7423,0.00013032710341835555
7424,0.00014407106814129847
7425,0.00014906785302456395
7426,0.0001572767076990556
7427,0.00015370079722754821
7428,0.000150772717795235
7429,0.00015493743377264455
7430,0.00015701600244073422
7431,0.00015370899094690733
7432,0.00015035942922681078
7433,0.00014101970947830611
7434,0.00012513992988713997
7435,0.00011163446170865234
7436,0.0001025050547460568
7437,9.148087764051275e-05
7438,8.362729648665068e-05
7439,8.042875841425883e-05
7440,7.87461243245299e-05
7441,7.616602534360439e-05
7442,7.528949507586419e-05
7443,7.567086548281717e-05
7444,7.769196828001292e-05
7445,8.819748075341788e-05
7446,0.00010842316076508721
7447,0.00013244002859335574
7448,0.00014304781977275536
7449,0.00015704592159828678
7450,0.00015506526018806184
7451,0.0001573022114743262
7452,0.00015200750910594486
7453,0.00015291046576614887
7454,0.00015191454444018685
7455,0.0001565027856434505
7456,0.00015262810097086213
7457,0.00014200264826233456
7458,0.0001280551805470518
7459,0.00011632555276188746
7460,0.00010446752741732906
7461,9.340187647224081e-05
7462,8.478485155803983e-05
7463,8.062995486361558e-05
7464,7.813761435142902e-05
7465,7.83740240236615e-05
7466,7.53955081847839e-05
7467,7.717930065962997e-05
7468,7.75249306338825e-05
7469,8.715222137469296e-05
7470,0.00010387347178025578
7471,0.00013102954460855976
7472,0.0001427875099218025
7473,0.0001485767351057662
7474,0.0001560657726329141
7475,0.0001605747126917103
7476,0.0001509281348581457
7477,0.00014991745165709164
7478,0.00015019026077430547
7479,0.00015114092992364614
7480,0.00014597207693383942
7481,0.00013906472757995998
7482,0.00013051468028057382
7483,0.00011539327005518368
7484,0.0001070713947745188
7485,9.939409940579568e-05
7486,9.119668957791552e-05
7487,8.705730163916829e-05
7488,8.799810757137162e-05
7489,8.259780946851513e-05
7490,8.3579583997514e-05
7491,8.564503832121386e-05
7492,8.610621511538302e-05
7493,9.464301626792326e-05
7494,0.00011715661118224602
7495,0.00014020481882590546
7496,0.00014864940219327268
7497,0.00015284340028302995
7498,0.00015984496642600107
7499,0.00016201162306897013
7500,0.00016925669424973133
7501,0.00016310606673092574
7502,0.00016427796630296231
7503,0.00015195059241195172
7504,0.00014768199413199733
7505,0.00013644328656194646
7506,0.0001255741750460966
7507,0.00011514005556978843
7508,0.0001051168741847693
7509,9.593542721905921e-05
7510,8.660763559283873e-05
7511,8.352214009369612e-05
7512,7.866409926263471e-05
7513,7.680287284478369e-05
7514,7.655207473775171e-05
7515,7.585150074901004e-05
7516,7.679843549542567e-05
7517,8.138935668196499e-05
7518,8.808885356245063e-05
7519,9.212062479572798e-05
7520,9.616876150064751e-05
7521,0.0001065649658037283
7522,0.000121185900135932
7523,0.00012591376407444096
7524,0.00012983875335113753
7525,0.00012500828120049352
7526,0.00012381377750722225
7527,0.00012063997436243997
7528,0.0001192416381706884
7529,0.00011415599646488247
7530,0.00011167690209954188
7531,0.00010790407875850355
7532,0.00010126314610271331
7533,9.594199537479212e-05
7534,8.870634806964768e-05
7535,8.471389790246363e-05
7536,8.040244185717515e-05
7537,8.188205623023687e-05
7538,7.889925681153348e-05
7539,7.787655761989115e-05
7540,7.693764085622637e-05
7541,8.045151630502568e-05
7542,8.426440759274232e-05
7543,8.582921028664752e-05
7544,8.545166215092372e-05
7545,9.178255149562969e-05
7546,9.885243524505341e-05
7547,0.00011381533104981267
7548,0.00011089889416779523
7549,0.00011258315382115037
7550,0.0001104758741846898
7551,0.00010992239173704353
7552,0.00010862743260508812
7553,0.00010562967360760844
7554,0.0001040826203111353
7555,9.960021648018309e-05
7556,9.256093286766885e-05
7557,8.719824239897535e-05
7558,8.149427143708321e-05
7559,7.74282974664275e-05
7560,7.770218297036677e-05
7561,7.733895736821438e-05
7562,7.744070886438431e-05
7563,7.84832882598336e-05
7564,7.99346969072731e-05
7565,8.737257311434766e-05
7566,0.0001115304915378034
7567,0.00013743391382258532
7568,0.00015201814117074325
7569,0.00015210172589503657
7570,0.00016176001218012504
7571,0.00016266914158869343
7572,0.00015698612721733372
7573,0.00015646164131004673
7574,0.00015737147366504808
7575,0.00015908385117572132
7576,0.00015735363639931188
7577,0.0001420810048225328
7578,0.00012494163309181914
7579,0.00011372166343762171
7580,0.00010787903629182961
7581,9.490791723776635e-05
7582,8.875430219662068e-05
7583,8.452346532036148e-05
7584,8.151391000305383e-05
7585,7.787086814719943e-05
7586,7.792752123628023e-05
7587,8.122216526630234e-05
7588,8.300075154412935e-05
7589,9.28307544625426e-05
7590,0.00011426607348286768
7591,0.0001352880819676925
7592,0.00015297713584189925
7593,0.00014948636975708327
7594,0.00016057983102042524
7595,0.0001579867275304901
7596,0.00015723628827916085
7597,0.0001616044633147582
7598,0.00015916950080516144
7599,0.00015703414724553482
7600,0.00015445806823952276
7601,0.00014224929459199693
7602,0.00012905050876196102
7603,0.00011731516953702896
7604,0.00010779988891689432
7605,9.630315607179769e-05
7606,8.736644430013536e-05
7607,8.387150447087372e-05
7608,8.370967302176234e-05
7609,7.956092710862643e-05
7610,7.89093836335832e-05
7611,7.911514923475414e-05
7612,8.106283806385837e-05
7613,9.091232577871004e-05
7614,0.00011389917937901834
7615,0.00013610314835670138
7616,0.0001458762565481975
7617,0.00015062986589981336
7618,0.00016468174312746567
7619,0.00016120266352709752
7620,0.0001566995008092972
7621,0.00015705312679922454
7622,0.00015684834971647495
7623,0.00015494839534358344
7624,0.00015764017493904433
7625,0.00014656125588003406
7626,0.00013081264169984174
7627,0.00011539030449991967
7628,0.00010473185724319539
7629,9.361427613037273e-05
7630,8.717522090329613e-05
7631,8.129944543977511e-05
7632,7.949080820193937e-05
7633,7.8026197341806e-05
7634,7.639474653922645e-05
7635,7.687354092837148e-05
7636,8.126201354222036e-05
7637,8.708719882964482e-05
7638,0.00011083569489005757
7639,0.00013759262594690045
7640,0.00014689998819241324
7641,0.00015244733390221306
7642,0.00015957914283896475
7643,0.00015590095366146267
7644,0.00015160913618214483
7645,0.00015269626480778252
7646,0.00015221112193366485
7647,0.00015910496153578594
7648,0.00016110646970116314
7649,0.00015067481053737027
7650,0.0001324351958366292
7651,0.00012249917980929623
7652,0.00011315601122985492
7653,9.80240568079705e-05
7654,8.932516060140653e-05
7655,8.37113425195406e-05
7656,8.380301112781286e-05
7657,8.170840649422149e-05
7658,8.140447003027347e-05
7659,8.144357142560648e-05
7660,8.182647952788154e-05
7661,8.883243908605862e-05
7662,0.00011163791053958903
7663,0.00013478938540766448
7664,0.00014508836343223746
7665,0.00015156761840844855
7666,0.0001580576372519142
7667,0.0001598711731477046
7668,0.00015940522949803697
7669,0.0001542257224763558
7670,0.00015191884998708865
7671,0.00014893802760522796
7672,0.00014649223532714852
7673,0.0001360161148014714
7674,0.00012632593232198767
7675,0.00010876077275658887
7676,9.856646784929777e-05
7677,9.097420703188592e-05
7678,8.08890565253868e-05
7679,7.92040060572946e-05
7680,7.867093102327997e-05
7681,7.842450436437792e-05
7682,7.638064367641532e-05
7683,7.431075200335744e-05
7684,7.284680015550496e-05
7685,7.648221943597703e-05
7686,8.041667652244246e-05
7687,8.606652060899721e-05
7688,8.661881683453789e-05
7689,9.505681007909618e-05
7690,0.00010489610507067004
7691,0.00011432867964955256
7692,0.00011504109389227428
7693,0.00011454881171844698
7694,0.00011198929588776134
7695,0.00011164724654690168
7696,0.000114317937749374
7697,0.00010963835744397849
7698,0.00010496536726139192
7699,0.00010176041480279938
7700,9.87759239192417e-05
7701,9.278203148790856e-05
7702,8.540247786769305e-05
7703,8.168230960789811e-05
7704,7.618162196758554e-05
7705,7.45049629225367e-05
7706,7.371258852306659e-05
7707,7.230045700756835e-05
7708,7.281488199403369e-05
7709,7.630433005428788e-05
7710,8.077546477523682e-05
7711,8.325871091794704e-05
7712,8.299468863114512e-05
7713,8.617943137979026e-05
7714,9.321535402967195e-05
7715,0.00010304452219919609
7716,0.00010418830391391457
7717,0.00010318216789759867
7718,0.00010309153174189981
7719,0.00010647525226522268
7720,0.00010719269696835523
7721,0.00010343182371667711
7722,9.91788440277799e-05
7723,9.502385946505151e-05
7724,9.086804015343402e-05
7725,8.407889563567086e-05
7726,8.016014500856671e-05
7727,7.729104717539344e-05
7728,7.441843461005541e-05
7729,7.671375241733088e-05
7730,7.621652765139685e-05
7731,7.731580407007901e-05
7732,7.850382747592145e-05
7733,8.649523006479437e-05
7734,0.00011320952302706347
7735,0.0001373507684398126
7736,0.00014859514351547913
7737,0.00015570397489070368
7738,0.00016490569746758927
7739,0.00016401091255966832
7740,0.00015744328403658942
7741,0.0001556923543074839
7742,0.00015321497337407366
7743,0.00015788640389426212
7744,0.0001609745354425283
7745,0.00015127145828941507
7746,0.00013006404768289894
7747,0.00011573547316557556
7748,0.0001094930452360415
7749,0.00010271358819880748
7750,9.309451314443214e-05
7751,8.750485884619899e-05
7752,8.64372809182278e-05
7753,8.879825831575628e-05
7754,8.6971520207272e-05
7755,8.584726722314401e-05
7756,8.731671084000393e-05
7757,9.978963857678786e-05
7758,0.00012416452581018973
7759,0.00014965294609461707
7760,0.0001625861280083769
7761,0.00016914073005537016
7762,0.00017045912805744933
7763,0.0001689754497753221
7764,0.00017133458193846406
7765,0.0001688313896907188
7766,0.00016743430562230095
7767,0.0001751597967558334
7768,0.00016411110439344011
7769,0.00015450343025152425
7770,0.00013964891999989593
7771,0.00013324973501581337
7772,0.00011793543189580576
7773,0.00010654130726284422
7774,9.744432370446862e-05
7775,9.478503341445577e-05
7776,9.49751584574935e-05
7777,9.250072111227123e-05
7778,9.024551518582613e-05
7779,9.186169887056498e-05
7780,9.25472473793023e-05
7781,0.00010086587153271476
7782,0.00012450912333186886
7783,0.00014364552194444957
7784,0.0001578765846112768
7785,0.0001668880723097445
7786,0.0001788538241951529
7787,0.00017489309448575588
7788,0.00017721319115479293
7789,0.00017189729055804283
7790,0.00017348142427885425
7791,0.00017180621506082339
7792,0.00016866472548488087
7793,0.0001561752345727705
7794,0.00014335560047500857
7795,0.0001336810805207341
7796,0.0001300876183554789
7797,0.00011389616988960226
7798,0.00010107921577511597
7799,9.83726962716391e-05
7800,9.948592178360016e-05
7801,9.976699052140117e-05
7802,0.00010084172971615804
7803,0.0001011390540902211
7804,0.00010234155379916717
7805,0.00010835785264805068
7806,0.00013300348409351956
7807,0.0001498994166876712
7808,0.0001606761346817398
7809,0.0001744928982946454
7810,0.00018102975094420656
7811,0.00018095550222722588
7812,0.0001800311716020449
7813,0.00018352176195025264
7814,0.00018483679898969926
7815,0.00018059267203244205
7816,0.0001785453185793907
7817,0.00016978669389310178
7818,0.00015964976698840046
7819,0.0001443347609219599
7820,0.0001279824695253932
7821,0.00012021185801769562
7822,0.00010460892948573275
7823,0.00010126863787172076
7824,0.0001001326984031449
7825,0.00010022509192492615
7826,9.791257389711937e-05
7827,9.79535424939149e-05
7828,0.00010034560330402551
7829,0.000109033076631054
7830,0.00013120174451755718
7831,0.00016270712266314892
7832,0.00016451758316829516
7833,0.00016881880255615375
7834,0.00018457837830728496
7835,0.0001807886403177037
7836,0.00017722924908737068
7837,0.00017496696976244402
7838,0.0001757940741091172
7839,0.00017029255171991552
7840,0.0001689490453499343
7841,0.00016116575883936752
7842,0.00014401707306841726
7843,0.0001365055851895669
7844,0.00012395629989650345
7845,0.00011844686935993103
7846,0.00011056415986325349
7847,0.00010209864187242988
7848,0.00010119871666871797
7849,9.880744667334442e-05
7850,9.715714811953133e-05
7851,9.567463409243369e-05
7852,9.374924184549968e-05
7853,9.812042637051313e-05
7854,0.00010299278973514596
7855,0.00010434839996401958
7856,0.00010628334788902654
7857,0.00011447568332234382
7858,0.0001276351261192104
7859,0.00013115341695029166
7860,0.0001323954134619393
7861,0.00013110333201694379
7862,0.00012906920274366235
7863,0.00012842398578651572
7864,0.00013016990702228645
7865,0.00012602384109242619
7866,0.00012036595705604451
7867,0.00011533501336955272
7868,0.00011020668963502092
7869,0.0001035559816303974
7870,9.667595931909906e-05
7871,9.199809244563388e-05
7872,9.001967167716398e-05
7873,8.927801925624662e-05
7874,8.960532868909032e-05
7875,8.710811148602516e-05
7876,8.582765062424941e-05
7877,8.929546111461427e-05
7878,9.234176735011975e-05
7879,9.571977643367488e-05
7880,9.758216710655548e-05
7881,0.00010131703134021435
7882,0.00010595375388027574
7883,0.0001143383671300817
7884,0.00011733526941159621
7885,0.00011843364518016112
7886,0.00011867548072017294
7887,0.00012029836436310088
7888,0.00012060671620933087
7889,0.00011662090009910783
7890,0.0001066894971577411
7891,9.890820965109303e-05
7892,9.32258542920142e-05
7893,8.719138867125405e-05
7894,8.313525595065968e-05
7895,7.94597687235093e-05
7896,7.811933774417224e-05
7897,7.710920372001893e-05
7898,7.641311101478734e-05
7899,7.582272387941102e-05
7900,7.702124754759571e-05
7901,8.423743202337775e-05
7902,0.00010698961135045994
7903,0.00013433743478542782
7904,0.00015017382940143517
7905,0.00014911317110241339
7906,0.0001627210497893518
7907,0.00016427095880570882
7908,0.00015804979500577159
7909,0.0001551598723845221
7910,0.000153060303191748
7911,0.00015704794256928153
7912,0.00015593289379001
7913,0.00014858426981284443
7914,0.00012971694591455243
7915,0.00011762336761372673
7916,0.00010296273877513722
7917,9.153001798959137e-05
7918,8.352262336936878e-05
7919,8.109020904059148e-05
7920,7.920174344846353e-05
7921,7.630309989803021e-05
7922,7.717427019921915e-05
7923,7.746979327304774e-05
7924,7.863780467262706e-05
7925,8.760553395564345e-05
7926,0.00011127125807357599
7927,0.0001366035583486597
7928,0.00015080028647565237
7929,0.00015132031306650532
7930,0.000162300687822446
7931,0.00016505030672909327
7932,0.00015879961917897203
7933,0.00016079622868639458
7934,0.00015640241807307045
7935,0.00015811984801123057
7936,0.00015303563416536656
7937,0.00014583287157303869
7938,0.00013322212240124396
7939,0.0001171876506606761
7940,0.00010349486922488256
7941,9.384813762178574e-05
7942,8.700060461593543e-05
7943,8.322953864097947e-05
7944,8.222469868214936e-05
7945,8.280001640336923e-05
7946,7.946253657508905e-05
7947,7.993539985370605e-05
7948,8.153528396803081e-05
7949,8.92112393451161e-05
7950,0.00011023184193707501
7951,0.0001337064524935485
7952,0.00014500515214823666
7953,0.00015630918980240007
7954,0.00016302946753680989
7955,0.0001591222056904693
7956,0.0001529440534253984
7957,0.00016001655125686965
7958,0.00016693106187753477
7959,0.00016044205351956647
7960,0.00016091291779426478
7961,0.0001500333060160727
7962,0.00013952491585570782
7963,0.00012467618294507532
7964,0.00011330859453995776
7965,9.835817603438341e-05
7966,9.00049976703761e-05
7967,8.626081939648059e-05
7968,8.615941937352714e-05
7969,8.696710482499002e-05
7970,8.661321523015029e-05
7971,8.627164916496328e-05
7972,8.689173578713184e-05
7973,9.644710632102083e-05
7974,0.0001193078030036901
7975,0.00014202588942877406
7976,0.0001546160334832529
7977,0.00015540359709307247
7978,0.00016899326507398223
7979,0.00017672405027283785
7980,0.00017707547955516224
7981,0.00016904794112622035
7982,0.00017204075753159332
7983,0.0001792244966360794
7984,0.00017314792013057017
7985,0.0001604959387570675
7986,0.00014962500397390719
7987,0.0001365445328153677
7988,0.00012106158845267949
7989,0.00011419008936688068
7990,0.00010087582261815626
7991,9.538242804708557e-05
7992,9.638768538036028e-05
7993,8.96553257541341e-05
7994,9.050760436993742e-05
7995,9.099371379540036e-05
7996,9.324204402704815e-05
7997,0.00010127017556704284
7998,0.00012807229289927898
7999,0.000149709687052002
8000,0.00016344655640938727
8001,0.0001623689395276705
8002,0.00017717764842577676
8003,0.00017823729623930116
8004,0.0001748287748871407
8005,0.00016405941586354204
8006,0.0001653356590467201
8007,0.00016940106187339902
8008,0.00015974734474012475
8009,0.0001480761493771996
8010,0.00013509398088389337
8011,0.00012157118068241826
8012,0.00010968776139796946
8013,0.0001014680769549951
8014,9.410831567028244e-05
8015,8.950819027888664e-05
8016,8.631696724281272e-05
8017,8.25544903945844e-05
8018,8.1249931650404e-05
8019,7.982666282735865e-05
8020,8.046733259976712e-05
8021,8.87863960947002e-05
8022,9.19122451125095e-05
8023,9.597314468860234e-05
8024,0.0001005330483637876
8025,0.00010882847528491263
8026,0.00012100421045008971
8027,0.00012848044117191228
8028,0.00013363156673136298
8029,0.00013224417014347424
8030,0.0001318137692228228
8031,0.00012933392797689723
8032,0.00012383723834442207
8033,0.00012127310942777022
8034,0.00011678866265874725
8035,0.00011223750187982182
8036,0.00010599913785935327
8037,9.912331125957662e-05
8038,9.39919560685527e-05
8039,8.983631249354344e-05
8040,8.400159349512206e-05
8041,8.343099869524858e-05
8042,8.326956265350574e-05
8043,8.248874293602727e-05
8044,8.164250526613214e-05
8045,8.529861753222426e-05
8046,8.733984217106329e-05
8047,8.87613096938742e-05
8048,9.128899523139264e-05
8049,9.518457059328538e-05
8050,0.0001014263175434625
8051,0.00011210203092194616
8052,0.0001150120534177629
8053,0.00011623755265531216
8054,0.00011528317107012244
8055,0.00011849179203041195
8056,0.000116337019575575
8057,0.00011301175344156736
8058,0.00010767573100317402
8059,0.00010503544223392691
8060,9.994953692320861e-05
8061,9.146427053103425e-05
8062,8.940085914540515e-05
8063,8.560259793032432e-05
8064,8.326877183876867e-05
8065,8.435133131259215e-05
8066,8.595659736054421e-05
8067,8.609393551988238e-05
8068,8.595883800229923e-05
8069,9.268838584279362e-05
8070,0.0001167401813219495
8071,0.00014217937338899413
8072,0.00015630156722701774
8073,0.00015857518156317578
8074,0.00016640024945235122
8075,0.0001691095807415599
8076,0.00016526628702061806
8077,0.0001619891068160396
8078,0.00016260209807265056
8079,0.00016397486458790347
8080,0.00015131791865521807
8081,0.0001401029574943554
8082,0.00012998900815118123
8083,0.00011639815394816588
8084,0.00010948010662825998
8085,9.526191666798621e-05
8086,8.765032482366817e-05
8087,8.417928517312693e-05
8088,8.599534728266072e-05
8089,8.530066047029503e-05
8090,8.768428592321021e-05
8091,8.646792498928934e-05
8092,8.85198036600028e-05
8093,9.551475771308896e-05
8094,0.00011439969920635682
8095,0.00014487956637457443
8096,0.00015770128734455917
8097,0.0001633871135016507
8098,0.00017785845204609162
8099,0.0001791572993505043
8100,0.00017656874304530732
8101,0.00017003002319428365
8102,0.00017098293298537938
8103,0.0001720420535890791
8104,0.00017000537613497824
8105,0.00015598899770219004
8106,0.00014609726730013313
8107,0.00013702728127819812
8108,0.00012702591319967656
8109,0.00011313292383294761
8110,0.00010734288586717083
8111,0.00010170134533535532
8112,0.00010062930809095009
8113,0.0001003907456452667
8114,0.00010043173620913826
8115,0.00010131081465769793
8116,0.00010075849646508122
8117,0.00010964556264491626
8118,0.00013279398408942358
8119,0.00015946952712957613
8120,0.00016743518430534216
8121,0.0001734466284304231
8122,0.0001873345873367412
8123,0.00019363702931798858
8124,0.00018997742428680776
8125,0.00018385476085578805
8126,0.00018643222378758996
8127,0.00018368113308684866
8128,0.0001773421818252398
8129,0.00016912229967858117
8130,0.00014585984714240326
8131,0.00013750275863886265
8132,0.00012545763970775865
8133,0.00011532183312393485
8134,0.00010844989469661545
8135,0.00010564241451170571
8136,0.0001050577827502492
8137,0.00010376433934653985
8138,0.00010163320346551094
8139,0.00010462105531170118
8140,0.0001035227015102123
8141,0.00011358966327775877
8142,0.00013573080641799665
8143,0.0001603444757678422
8144,0.000177334976624302
8145,0.0001791171655025979
8146,0.00018964928010507492
8147,0.00018806095067274182
8148,0.00018561781641086196
8149,0.00018356631118044103
8150,0.00018620165735758142
8151,0.00018564250740431946
8152,0.0001793907874016248
8153,0.00017055841924110393
8154,0.0001558471782593418
8155,0.00014100778135602194
8156,0.00012607331094764522
8157,0.00011490749013586118
8158,0.00010585940528872786
8159,9.998896782468207e-05
8160,9.537462973509501e-05
8161,9.205540454699557e-05
8162,9.130604168239175e-05
8163,9.453304908531818e-05
8164,9.371220535531348e-05
8165,0.00010318880195455967
8166,0.00012507389685659446
8167,0.0001498647526416962
8168,0.00016930460444255227
8169,0.00017452923183839864
8170,0.0001774567620938111
8171,0.00018322645854718434
8172,0.00017871222442306496
8173,0.00017690385079014158
8174,0.00017011101580360544
8175,0.00016740030058860685
8176,0.00015726493334630365
8177,0.00015437189140025796
8178,0.00013495336963022676
8179,0.0001234769123963056
8180,0.0001157343967788501
8181,0.00010698811758928991
8182,9.713915708426295e-05
8183,9.049038218233006e-05
8184,8.713805261065375e-05
8185,8.629891030631623e-05
8186,8.484600789770672e-05
8187,8.446439585291743e-05
8188,8.390636622053296e-05
8189,8.734436738872542e-05
8190,9.56075905763908e-05
8191,0.00010010998444653011
8192,0.00010689047393633755
8193,0.00012047005902934961
8194,0.0001273543209863217
8195,0.00012999322582977894
8196,0.00013495167816537248
8197,0.0001351782465875436
8198,0.00013293628680794448
8199,0.0001300752289245981
8200,0.0001237780151074458
8201,0.000116390135965415
8202,0.00011457545778167108
8203,0.00011414171786546312
8204,0.00010494151101682358
8205,9.882932588107009e-05
8206,9.154743788088298e-05
8207,8.777841484399782e-05
8208,8.638708614949976e-05
8209,8.662154075196558e-05
8210,8.959379597417468e-05
8211,8.74019650620755e-05
8212,8.372074442808134e-05
8213,8.706901009069215e-05
8214,9.064845726144036e-05
8215,9.309310725156624e-05
8216,9.48260679124794e-05
8217,9.8148368491223e-05
8218,0.0001055001117931848
8219,0.00011511887930849573
8220,0.00011742463147688533
8221,0.00011991804837579735
8222,0.00011781261397372328
8223,0.00011888724333310001
8224,0.00011822814318390255
8225,0.00011380746683659402
8226,0.00011163107877894377
8227,0.00011060189929987264
8228,0.00010541964639368774
8229,9.95871680370214e-05
8230,9.388576722302476e-05
8231,9.106778677577279e-05
8232,8.909819677186686e-05
8233,9.055114311462843e-05
8234,9.237843040001344e-05
8235,9.207414246284897e-05
8236,9.205329570769671e-05
8237,9.592262041373385e-05
8238,0.00011481661234232598
8239,0.0001454328291514604
8240,0.00016646931393938884
8241,0.00016889382012079545
8242,0.00017845459455538773
8243,0.0001780599780015888
8244,0.00018629084368626233
8245,0.00017905796423269764
8246,0.000179444782474506
8247,0.0001772755776507175
8248,0.00016136970117322795
8249,0.00015430561673187608
8250,0.00014427048525749675
8251,0.0001325639888033918
8252,0.00012628164669671165
8253,0.00011257845286688
8254,0.00010136683070157386
8255,9.821424775223631e-05
8256,9.529921676308477e-05
8257,9.408221878395905e-05
8258,9.453386186713129e-05
8259,9.649383029173616e-05
8260,9.788465374348553e-05
8261,0.00010682184879082052
8262,0.00013157197761696305
8263,0.00016048401063478335
8264,0.00017115750533858802
8265,0.00018311868807218226
8266,0.00018901006015968443
8267,0.00018292924400850144
8268,0.00018449740766503917
8269,0.00017912676511482292
8270,0.00018390082581422248
8271,0.00018806857324812416
8272,0.0001775858625996381
8273,0.00016738806492725826
8274,0.0001505242701653382
8275,0.00013618769963234
8276,0.00012759466276516352
8277,0.00011992268342883962
8278,0.00010989328536130407
8279,0.00010096823810701354
8280,9.672683506718402e-05
8281,9.863447791668595e-05
8282,9.515860550941817e-05
8283,9.648917327161784e-05
8284,9.597995448217156e-05
8285,0.00010389084773739533
8286,0.0001248631666962408
8287,0.0001551895938383904
8288,0.0001688820677351195
8289,0.00016947614533926883
8290,0.00018588005936450547
8291,0.00018345766202239775
8292,0.0001840419642777138
8293,0.00017829873815095645
8294,0.00017332178953734584
8295,0.00017351224408652404
8296,0.00016984657614235895
8297,0.0001682986221957686
8298,0.00014932245143574907
8299,0.0001354010366726376
8300,0.0001278056784975056
8301,0.0001176079906605059
8302,0.00011167072935117751
8303,0.00010517820626104445
8304,0.00010603180290140954
8305,0.00010618135475502029
8306,0.00010397893571227474
8307,0.0001049215209776365
8308,0.00010538438923665995
8309,0.00011254308587447204
8310,0.00013717213217753847
8311,0.00016345622192284038
8312,0.0001793786176415043
8313,0.00018123593391982203
8314,0.00019140585537272007
8315,0.00018674657264557612
8316,0.00018562671307665403
8317,0.00017769596158469936
8318,0.00018066804107030022
8319,0.00018654965977604518
8320,0.0001730809644828314
8321,0.00016445466946254586
8322,0.00015513627974486613
8323,0.00014555990868629268
8324,0.00013261906026299845
8325,0.00012554076312345532
8326,0.00011370637435270497
8327,0.00010602527867982871
8328,0.00010443154534679229
8329,0.00010001574569036236
8330,0.00010215336185882006
8331,0.00010109233011950575
8332,0.00010128812266815917
8333,0.00010829843170739013
8334,0.00013295036770367958
8335,0.00015235467677551947
8336,0.00016767732738441838
8337,0.00017137146465911806
8338,0.00018536763338195884
8339,0.00018101263859197933
8340,0.0001723685063059576
8341,0.00017045636020586956
8342,0.00017145614773721285
8343,0.0001751029239959923
8344,0.0001689477273253725
8345,0.00015244849815724263
8346,0.00013816056273057437
8347,0.0001270728568411522
8348,0.00011571242970282033
8349,0.00010893820082968138
8350,9.883288454738692e-05
8351,9.276647879807947e-05
8352,8.934517260766966e-05
8353,8.87997520769263e-05
8354,8.823506642050484e-05
8355,9.038524775645154e-05
8356,8.825305745577321e-05
8357,9.262415411248255e-05
8358,9.680211623673806e-05
8359,0.00010090128245927478
8360,0.00010451111009617214
8361,0.0001136604411967267
8362,0.0001280487661608511
8363,0.0001307601623552066
8364,0.00013273781427601542
8365,0.000131068821740501
8366,0.0001293238011548475
8367,0.00012937709328129574
8368,0.00012803139020371154
8369,0.0001233057449398816
8370,0.00012032852515848976
8371,0.0001165987572864698
8372,0.00011225399915392017
8373,0.00010531829030488634
8374,9.849621714015453e-05
8375,9.509094691524646e-05
8376,9.174652549094085e-05
8377,9.175458740784379e-05
8378,9.149166347484337e-05
8379,8.996831265340636e-05
8380,9.077793120755986e-05
8381,9.494539306947315e-05
8382,9.753388347344203e-05
8383,0.00010082033378410505
8384,0.00010349869149611175
8385,0.00010698183500554539
8386,0.00011377563654342687
8387,0.00012408458762051738
8388,0.00012207418278934812
8389,0.00012252510095901137
8390,0.00012281124409137527
8391,0.000124882497723147
8392,0.00012185036025168071
8393,0.00011870652019860302
8394,0.00010901012103660287
8395,0.00010578774868671872
8396,9.710005568892995e-05
8397,9.028222216987188e-05
8398,8.469140361660915e-05
8399,8.19435201089682e-05
8400,8.075850619254184e-05
8401,8.138278852623208e-05
8402,7.687496878831343e-05
8403,7.895632727505884e-05
8404,7.989592501808055e-05
8405,8.940380273359314e-05
8406,0.00011571666934849409
8407,0.00014682341096537344
8408,0.00015753315134462724
8409,0.0001614423023595064
8410,0.0001699533361318637
8411,0.00017334924838238307
8412,0.0001704179397898935
8413,0.00016745651433616704
8414,0.00017376466775718223
8415,0.00017741987937315709
8416,0.00016242201198335844
8417,0.00014782557094092795
8418,0.000135278877762836
8419,0.0001226893927206381
8420,0.00011147671613568252
8421,0.00010387162654586927
8422,9.531714189712508e-05
8423,9.157397410872695e-05
8424,8.877954236697891e-05
8425,8.783937347998045e-05
8426,8.84152623451771e-05
8427,8.799338465002522e-05
8428,8.897882768072105e-05
8429,9.622640310814965e-05
8430,0.00011919131159950419
8431,0.0001459211572516024
8432,0.0001571238607840404
8433,0.00016701396562247115
8434,0.00017289083943979367
8435,0.00017692575196494328
8436,0.00016827030663476623
8437,0.0001695760296339762
8438,0.0001695899567601791
8439,0.00016888916310067712
8440,0.00015894345959281502
8441,0.00015221272553021505
8442,0.00013829924088155034
8443,0.00012497974596873082
8444,0.00011754984381025508
8445,0.00010332550306869298
8446,9.776488924497118e-05
8447,9.346013315787178e-05
8448,9.288169611185565e-05
8449,9.46308025736507e-05
8450,9.294737766918469e-05
8451,9.18867193701629e-05
8452,9.29856662827046e-05
8453,9.891422862992518e-05
8454,0.00012014492433703288
8455,0.0001451720360248349
8456,0.00016384692833710602
8457,0.00016103233081956263
8458,0.00017340658245082078
8459,0.0001677683589474858
8460,0.00016304062681143304
8461,0.000168760699640055
8462,0.00016166395015664684
8463,0.00016497032460526887
8464,0.0001557537742520632
8465,0.00014077435920612953
8466,0.00012955983738678744
8467,0.00012095959531867323
8468,0.00010744538424392577
8469,9.722014969358475e-05
8470,8.949439495513993e-05
8471,8.591635367725766e-05
8472,8.590253638643492e-05
8473,8.112788257598255e-05
8474,7.889253488626838e-05
8475,8.061183202589099e-05
8476,8.259420686804625e-05
8477,9.157133805960338e-05
8478,0.00011260577990946102
8479,0.00013830424937488514
8480,0.00015402795289085972
8481,0.00016033360206520745
8482,0.00017698543651051618
8483,0.00018295020059903383
8484,0.00018346495509163964
8485,0.00018057536197653058
8486,0.00017620336466970404
8487,0.000178381773698349
8488,0.00016278310677913594
8489,0.00014690787437270794
8490,0.00013355305640163254
8491,0.00012416971004013277
8492,0.00011378927809764136
8493,0.00010081148105246504
8494,9.274611531859987e-05
8495,8.793901613685151e-05
8496,8.634106512521737e-05
8497,8.491226059901253e-05
8498,8.501311144506525e-05
8499,8.501014588980123e-05
8500,8.6307587301348e-05
8501,9.518116569650076e-05
8502,0.00011806705861537618
8503,0.00014687501162696738
8504,0.00015868369891876288
8505,0.00015680643653541014
8506,0.0001659736268687769
8507,0.00017033879241495822
8508,0.0001607191681836821
8509,0.00016890511119787473
8510,0.0001642478494417255
8511,0.0001608931034916859
8512,0.000158524415650471
8513,0.00015043811529314943
8514,0.00013800268535514834
8515,0.00012913277546169254
8516,0.00011838584482272031
8517,0.00011031575616750877
8518,0.00010056268194935177
8519,9.24590935031948e-05
8520,8.878835116446684e-05
8521,8.923472214939193e-05
8522,8.726144167671302e-05
8523,8.742825965208314e-05
8524,8.659577337178265e-05
8525,8.994098561082532e-05
8526,9.413289682835976e-05
8527,9.614962817742557e-05
8528,0.00010044458694861569
8529,0.0001080391103748586
8530,0.00011952272887556545
8531,0.0001257366655074889
8532,0.00012702312338102077
8533,0.0001272633333574064
8534,0.00012549564274929017
8535,0.00012429178108163023
8536,0.0001196181538538388
8537,0.00011529632934866428
8538,0.0001101803511108612
8539,0.00010840569693964353
8540,0.00010186069450487531
8541,9.65642347704116e-05
8542,8.943945529798946e-05
8543,8.607486809788853e-05
8544,8.230121000796108e-05
8545,8.25853980705583e-05
8546,8.22445129847282e-05
8547,8.110519058644378e-05
8548,8.087016484000119e-05
8549,8.439904380172883e-05
8550,8.820128105757102e-05
8551,9.088198924671292e-05
8552,9.488133707577032e-05
8553,9.894862907098782e-05
8554,0.00010631124607558435
8555,0.00011522502421987161
8556,0.0001155828678883967
8557,0.00011505403250005581
8558,0.00011442294037279634
8559,0.00011724849946127858
8560,0.00011437779803155515
8561,0.00011271297924048636
8562,0.00010982217793619568
8563,0.00010528250593803383
8564,9.779360021334209e-05
8565,8.961587288558462e-05
8566,8.519097885967835e-05
8567,8.328109536842138e-05
8568,8.089316436860437e-05
8569,8.15816125313776e-05
8570,8.306425836093143e-05
8571,8.27656818635347e-05
8572,8.296074949867912e-05
8573,9.003739910752003e-05
8574,0.0001054863823706662
8575,0.00012286517326302835
8576,0.00013062005634428866
8577,0.0001356785247770458
8578,0.0001441581675977565
8579,0.0001463905716992827
8580,0.0001430784638438169
8581,0.00014823317003666048
8582,0.00014682009393689294
8583,0.00014552966002259965
8584,0.00013594937882449292
8585,0.00012799000423247144
8586,0.00012034146376627131
8587,0.0001109891568832016
8588,0.00010161029180521188
8589,9.5100195054255e-05
8590,8.894209872959926e-05
8591,8.580054325242866e-05
8592,8.406354064952604e-05
8593,8.334559070364481e-05
8594,8.342161875378387e-05
8595,8.368410334526368e-05
8596,8.427143705707186e-05
8597,8.980281270259803e-05
8598,9.545764331541154e-05
8599,9.993743306431621e-05
8600,0.00010438264663555
8601,0.00010578539820958353
8602,0.0001109242441735336
8603,0.00011082719363163406
8604,0.00011086842583334192
8605,0.00010644908947767121
8606,0.00010303602094077256
8607,0.00010646703657878755
8608,0.00010266989568458426
8609,0.00010152798117132831
8610,9.717507325357164e-05
8611,8.93685236094893e-05
8612,8.708869259081484e-05
8613,8.514695683931468e-05
8614,8.294592172235901e-05
8615,8.324320216227e-05
8616,7.960841992700281e-05
8617,7.876198455342341e-05
8618,7.973585093505154e-05
8619,7.991352064598038e-05
8620,7.90083672781734e-05
8621,8.225793486818241e-05
8622,8.939833293166172e-05
8623,9.299733080007642e-05
8624,9.586218898757593e-05
8625,9.771774789981127e-05
8626,0.00010078323139269075
8627,0.00010273059071565453
8628,0.00010200912603760852
8629,0.0001010078227780192
8630,0.00010303676782135757
8631,0.00010528591083481844
8632,0.00010527767318130728
8633,0.00010100485722275518
8634,9.759695094872353e-05
8635,9.319663808089459e-05
8636,8.947635998571949e-05
8637,8.437531935961668e-05
8638,8.021818202343738e-05
8639,7.671122620358745e-05
8640,7.545095308468307e-05
8641,7.535902087149844e-05
8642,7.71508532961714e-05
8643,7.605344407895179e-05
8644,7.649454296562974e-05
8645,8.026831089093734e-05
8646,8.897843227335252e-05
8647,9.40710375422599e-05
8648,9.631293142063094e-05
8649,0.00010180847876515255
8650,0.00011207969040562389
8651,0.00011490390950246831
8652,0.00011969475304795465
8653,0.000117084317535032
8654,0.0001224686236065388
8655,0.00012459490476376514
8656,0.00012434680860708483
8657,0.00011843316190448848
8658,0.00011131150175686256
8659,0.00010448613353072629
8660,9.995799424748007e-05
8661,8.723259890588591e-05
8662,8.220987090582925e-05
8663,7.865456555163778e-05
8664,7.725392281690312e-05
8665,7.590419976440548e-05
8666,7.586804195726046e-05
8667,7.621582470496391e-05
8668,7.673725718868274e-05
8669,8.346640962180858e-05
8670,0.00010079474214053036
8671,0.00012046678593502119
8672,0.00013218571575415904
8673,0.00014086846615984108
8674,0.00014924519322935233
8675,0.00015349918340374694
8676,0.00015292349224223454
8677,0.00015439645059125924
8678,0.00015417919620932472
8679,0.0001562730319952551
8680,0.00014582182213379572
8681,0.0001399605669075304
8682,0.00012438685458668713
8683,0.00011035753754611739
8684,0.00010282140260796163
8685,9.386281162857364e-05
8686,8.67480711098971e-05
8687,8.22429533223301e-05
8688,8.013391631978715e-05
8689,7.981730485296996e-05
8690,8.137310104570295e-05
8691,7.967651786269511e-05
8692,7.743932493859445e-05
8693,8.173500862329354e-05
8694,8.695781275182942e-05
8695,9.00522049167641e-05
8696,9.606085922318923e-05
8697,0.00010455590096419688
8698,0.00011253691312610768
8699,0.00011878087875096383
8700,0.00012109682364263124
8701,0.0001183850979421353
8702,0.00011446432634403642
8703,0.00011625936596180972
8704,0.00011308705657819746
8705,0.00010897901565694471
8706,0.00010271800358108947
8707,0.00010089247366178683
8708,9.403731808055419e-05
8709,8.955262967369488e-05
8710,8.358656952769147e-05
8711,7.87360194695562e-05
8712,7.70997359102501e-05
8713,7.686277706111689e-05
8714,7.61511316660562e-05
8715,7.613371177476459e-05
8716,7.443598630380321e-05
8717,7.824193599549443e-05
8718,8.175176950230427e-05
8719,8.680017701423973e-05
8720,9.048537368899527e-05
8721,9.071721420941355e-05
8722,9.512699488701133e-05
8723,0.00010576916454039754
8724,0.00010940032220811982
8725,0.00011000487810753533
8726,0.00011213210384903093
8727,0.00011338508389869345
8728,0.0001100924828067421
8729,0.00010692966319997467
8730,0.0001000661601298507
8731,9.573950286794962e-05
8732,9.295185895269478e-05
8733,8.887701028332303e-05
8734,8.171543595855101e-05
8735,7.877999755576782e-05
8736,7.65644641686325e-05
8737,7.586068298679048e-05
8738,7.745852416304446e-05
8739,7.875756917114142e-05
8740,7.803502810636997e-05
8741,9.005514850495209e-05
8742,0.0001078905470396692
8743,0.00012740818425674674
8744,0.00014031329224734051
8745,0.00014206373870077337
8746,0.0001484714029762034
8747,0.00014706373077713923
8748,0.00014170055703277307
8749,0.00014745125196538055
8750,0.00014909129189468771
8751,0.00014623693396953043
8752,0.00013324461668709844
8753,0.00012636540715761318
8754,0.00012235520759299706
8755,0.00011135660016395168
8756,0.00011011214333978873
8757,0.00010104857170405444
8758,9.132306616631484e-05
8759,8.894012169275658e-05
8760,8.412779434691313e-05
8761,8.582059919284385e-05
8762,8.716665374364452e-05
8763,8.813522605994948e-05
8764,8.61286215329334e-05
8765,8.935923153632872e-05
8766,9.691926665320487e-05
8767,0.000101797011951465
8768,0.00010648860824744879
8769,0.00010861910708327283
8770,0.00011220307947168315
8771,0.00011611666783592028
8772,0.00011465403401262959
8773,0.00011272132672937766
8774,0.00011260775694630372
8775,0.00011289526203738145
8776,0.00011379740591577236
8777,0.00010960158455870465
8778,0.00010476140296045543
8779,0.00010071579246927933
8780,9.75192534008062e-05
8781,9.405276093500313e-05
8782,8.909057419648452e-05
8783,8.28107583035478e-05
